Date,Market Return,Portfolio Return without Rebalancing,Portfolio Return with Rebalancing,Portfolio Return with Lagged Rebalancing
2018-06-29,,,,
2018-07-02,1.0027655887016482,1.0036194253359774,1.0036194253359774,
2018-07-03,0.9986725174232087,0.9969273784916494,0.9969273784916494,
2018-07-05,1.0070061580441756,1.0053204372430606,1.0053204372430606,
2018-07-06,1.0154135476971866,1.0119349835448848,1.0119349835448848,
2018-07-09,1.0247059257347249,1.0243731706121944,1.0243731706121944,
2018-07-10,1.0281352557247687,1.0261473830316812,1.0261473830316812,
2018-07-11,1.0210922231645712,1.0206100442703097,1.0206100442703097,
2018-07-12,1.0299052324938236,1.026921488450419,1.026921488450419,
2018-07-13,1.030900844426417,1.026411484880394,1.026411484880394,
2018-07-16,1.0300896050739334,1.0315833210832475,1.0315833210832475,
2018-07-17,1.0343301744164608,1.0361335529348703,1.0361335529348703,
2018-07-18,1.0363582727976695,1.0411612881290164,1.0411612881290164,
2018-07-19,1.0325233231313837,1.033643135501948,1.033643135501948,
2018-07-20,1.0315277111987904,1.035256046792327,1.035256046792327,
2018-07-23,1.0333714369998892,1.040521283648985,1.040521283648985,
2018-07-24,1.038275747630812,1.0443864107048746,1.0443864107048746,
2018-07-25,1.0477156237324383,1.0518545629819407,1.0518545629819407,
2018-07-26,1.0446181643865924,1.0476243333703334,1.0476243333703334,
2018-07-27,1.0378701279545703,1.0435385047695334,1.0435385047695334,
2018-07-30,1.03208082893912,1.0386830707814956,1.0386830707814956,
2018-07-31,1.036985139570043,1.0389537726764089,1.0389537726764089,
2018-08-01,1.0358789040893837,1.0380902666318668,1.0380902666318668,
2018-08-02,1.0411150853645044,1.0438029066203467,1.0438029066203467,
2018-08-03,1.0459087724473615,1.0499666497665487,1.0499666497665487,
2018-08-06,1.0497437221136472,1.0543102801719615,1.0543102801719615,
2018-08-07,1.0529149304915373,1.056631096417675,1.056631096417675,
2018-08-08,1.0524724362992735,1.0565494958464712,1.0565494958464712,
2018-08-09,1.0511449537224822,1.0536168753181274,1.0536168753181274,
2018-08-10,1.0439912976142187,1.0448926142483,1.0448926142483,
2018-08-13,1.0400457243998673,1.0395415767910376,1.0395415767910376,
2018-08-14,1.0467200117998452,1.0471977303841127,1.0471977303841127,
2018-08-15,1.03897636343523,1.0410638874472122,1.0410638874472122,
2018-08-16,1.0476050001843729,1.0516517615623309,1.0516517615623309,1.010143771006397
2018-08-17,1.0509974556583945,1.0549730848115937,1.0549730848115937,1.0133167932175526
2018-08-20,1.053541797263911,1.056549795848571,1.056549795848571,1.0148438039066274
2018-08-21,1.0555330211290979,1.0577754044278311,1.0577754044278311,1.0160452123164865
2018-08-22,1.055348648548988,1.0559466916268414,1.0559466916268414,1.0143123001861016
2018-08-23,1.053763044360043,1.0533015731110118,1.0533015731110118,1.0117572823009764
2018-08-24,1.060142335631845,1.0580657064599455,1.0580657064599455,1.016357714504002
2018-08-27,1.0683284781887241,1.0676794737563167,1.0676794737563167,1.0255951791662545
2018-08-28,1.0689184704450756,1.0670274691922847,1.0670274691922847,1.024950974656823
2018-08-29,1.07478151849257,1.07019669137684,1.07019669137684,1.0280047960335728
2018-08-30,1.0702459530218666,1.0644389510726577,1.0644389510726577,1.0224704572932015
2018-08-31,1.0701722039898227,1.063687545812821,1.063687545812821,1.0217162520137646
2018-09-04,1.0688815959290534,1.064315150206052,1.064315150206052,1.022293156052093
2018-09-05,1.0658947601312732,1.0629468406278848,1.0629468406278848,1.0209557466902273
2018-09-06,1.062723551753383,1.0590434133038935,1.0590434133038935,1.0171730202111418
2018-09-07,1.0603635827279765,1.0573436014052102,1.0573436014052102,1.015548208837462
2018-09-10,1.0623179320771412,1.0589588127116893,1.0589588127116893,1.0170995196966381
2018-09-11,1.066079132711383,1.0614244299710103,1.0614244299710103,1.0194980364862556
2018-09-12,1.0662635052914928,1.0592547147830038,1.0592547147830038,1.017423721966054
2018-09-13,1.072384674951141,1.0620847345931426,1.0620847345931426,1.0201328409298869
2018-09-14,1.0726796710793167,1.064526351684462,1.064526351684462,1.0224786573506017
2018-09-17,1.0669272465798882,1.0600886206203446,1.0600886206203446,1.0182200275401931
2018-09-18,1.0726796710793167,1.063647845534919,1.063647845534919,1.0216513515594612
2018-09-19,1.073970279140086,1.0705062935440552,1.0705062935440552,1.0282347976435837
2018-09-20,1.0824514178251408,1.0805085635599454,1.0805085635599454,1.0378239647677536
2018-09-21,1.0767727423577562,1.0732947130629917,1.0732947130629917,1.0308984162889143
2018-09-24,1.0733065378516904,1.0658682610778278,1.0658682610778278,1.0238128666900672
2018-09-25,1.0719421807588772,1.0625894381260672,1.0625894381260672,1.020688044816314
2018-09-26,1.068770972380987,1.0565144956014696,1.0565144956014696,1.0148620040340286
2018-09-27,1.0717578081787673,1.0565481958373713,1.0565481958373713,1.0149050043350305
2018-09-28,1.0716103101146794,1.053315973211813,1.0521810652674572,1.011789682527778
2018-10-01,1.0755190088130089,1.056808297658084,1.0557288901022313,1.0151474060318424
2018-10-02,1.075150263652789,1.0577952045664325,1.0565929961509737,1.0160900126300885
2018-10-03,1.0759246284892505,1.060480423362964,1.0598546189823337,1.0186832307826155
2018-10-04,1.067406615288174,1.0571352999471002,1.0565635959451722,1.015448508139557
2018-10-05,1.0615804417567014,1.0510888576220039,1.0501806512645595,1.0096434675042725
2018-10-08,1.0612485711125037,1.0535752750269256,1.0521826652786574,1.0120287842014895
2018-10-09,1.0598842140196905,1.0519000633004436,1.0504371530600718,1.0104327730294114
2018-10-10,1.0257384121833397,1.0188752321266255,1.0165804160629128,0.978691050837356
2018-10-11,1.0039086986983292,0.9952702668918688,0.9931653521574654,0.9560312922190457
2018-10-12,1.0177735167225925,1.0057521402649825,1.0039590277131945,0.9660902626318386
2018-10-15,1.0121317157712302,1.0007563052941377,0.9984562891940248,0.9613006291044038
2018-10-16,1.0335926840960208,1.0197632383426691,1.017867525072676,0.9795396567775975
2018-10-17,1.0339614292562405,1.0232577628043402,1.0214682502777528,0.982876480135361
2018-10-18,1.0194697444596037,1.009360465523259,1.0069285484998403,0.9695348867442072
2018-10-19,1.0184372580109882,1.0144697012879094,1.0116075812530696,0.9744113208792461
2018-10-22,1.0142704377005047,1.005791840542884,1.0029331205318446,0.9660792625548378
2018-10-23,1.0086655112651641,1.0010161071127501,0.9980456863198051,0.9614597302181115
2018-10-24,0.9779859139348792,0.9753075271526904,0.9712256985798908,0.936717957025699
2018-10-25,0.9961281758176918,0.9922404456831202,0.9889147224030577,0.9529954709682966
2018-10-26,0.978244035547033,0.9757998305988146,0.972493207452453,0.9371957603703224
2018-10-29,0.9727497326597583,0.9758680310762179,0.9723339063373453,0.937205660439623
2018-10-30,0.9875364135845711,0.9918337428362001,0.9880013160092129,0.9525792680548762
2018-10-31,0.9981562741989005,1.002546417824925,0.9997099979699867,0.9628774401420809
2018-11-01,1.008554887717098,1.010386272703909,1.0075055525388688,0.9704035928251494
2018-11-02,1.00224934547734,1.0042755299287096,1.0011307079149563,0.9645495518468626
2018-11-05,1.0080755190088124,1.0133211932483528,1.0099697697883894,0.9732292126044881
2018-11-06,1.0144916847966365,1.019080733565135,1.0157250100750712,0.978758351308459
2018-11-07,1.0358420295733615,1.0355602489217428,1.0325731280118968,0.9945757620303343
2018-11-08,1.0341089273203283,1.0364593552154868,1.0337708363958555,0.9953778676450734
2018-11-09,1.0244846786385922,1.0279988959922721,1.0245818720731052,0.9872410106870747
2018-11-12,1.0047936870828564,1.0077232540627785,1.0035725250076757,0.9677847744934214
2018-11-13,1.0032080828939114,1.0090495633469434,1.0054522381656679,0.9690108830761816
2018-11-14,0.9960913013016698,0.9990092930650514,0.9950658654610588,0.9594151159058113
2018-11-15,1.0069324090121312,1.011509580567064,1.0083204582432084,0.9703560924926474
2018-11-16,1.009181754489472,1.0124133868937082,1.0089946629626414,0.9709399965799762
2018-11-19,0.9922194771193623,1.0001521010647072,0.9961539730778122,0.9579846058922412
2018-11-20,0.9741509642685935,0.9802098614690301,0.9762194335360354,0.9387469712287986
2018-11-21,0.9774696707105713,0.9816343714405998,0.9778661450630162,0.9405679839758879
2018-11-23,0.9710535049227472,0.975597129179904,0.9716329014303108,0.9344078408548862
2018-11-26,0.9862458055238018,0.9911976383834685,0.9878994152959077,0.9503097521682654
2018-11-27,0.9894907629337357,0.9941484590392129,0.9906167343171408,0.9528337698363891
2018-11-28,1.012205464803274,1.0146436025052172,1.01161588131117,0.973401213808497
2018-11-29,1.0101036173900213,1.0094182659278612,1.0058579410055877,0.9677622743359208
2018-11-30,1.0169254028540868,1.0168306178143245,1.0133201932413534,0.9749538246767732
2018-12-03,1.029720859913713,1.0257507802554615,1.0225401577811053,0.9841632891430244
2018-12-04,0.9967181680740436,0.9898863292043042,0.9857326001282017,0.9484708392958755
2018-12-06,0.9954275600132743,0.9847628933402531,0.9804658632610436,0.9435009045063318
2018-12-07,0.9721597404034066,0.9633710435973047,0.9585801100607712,0.922113554794884
2018-12-10,0.9737453445923516,0.9613535294747059,0.956597296181074,0.9204630432413031
2018-12-11,0.9738559681404176,0.9595669169684184,0.954310280171962,0.9182080274561926
2018-12-12,0.9791290239315601,0.963820246741727,0.9587563112941799,0.922626358384509
2018-12-13,0.9786865297392966,0.9629924409470864,0.9575885031195226,0.9214536501755515
2018-12-14,0.9605811423725057,0.947701033907237,0.9425634979444865,0.9068721481050369
2018-12-17,0.9406689037206379,0.9311315179206251,0.9264333850336961,0.8913323393263755
2018-12-18,0.9407426527526819,0.929048003336023,0.924963774746424,0.8902096314674204
2018-12-19,0.9262509679560448,0.9157383101681709,0.9115102805719648,0.8771022397156781
2018-12-20,0.9117224086433857,0.9028942202595415,0.8990548933842545,0.8650548553839879
2018-12-21,0.8876802241970566,0.8790172531207716,0.8748398238787678,0.8415551908863362
2018-12-24,0.8643755300711671,0.856494095458668,0.8526750687254818,0.8202471417299922
2018-12-26,0.9069655960765508,0.8960296722077051,0.8925939481576378,0.8590627134389943
2018-12-27,0.914524871861056,0.9043913307393149,0.9009335065345464,0.8670316692216847
2018-12-28,0.9133445186031925,0.9033954237679661,0.8999853998977999,0.8660824625772383
2018-12-31,0.9165160957262428,0.9063790446533123,0.9040901286309011,0.8691336839357878
2019-01-02,0.9214572808731877,0.9126180883266181,0.9107907755354295,0.8754253279772962
2019-01-03,0.9014344186732541,0.8923027461192226,0.8904298330088318,0.8543712805989645
2019-01-04,0.9307496589107259,0.9203823426763984,0.9186886308204166,0.8820876746137226
2019-01-07,0.9380876875990994,0.9249811748682238,0.9232196625376388,0.8866914068398484
2019-01-08,0.9463844537040442,0.9300745105215734,0.9278370948596649,0.8913489394425765
2019-01-09,0.9502931524023739,0.9330535313747192,0.9310288172017213,0.8949550646854533
2019-01-10,0.9548287178730771,0.9369516586616102,0.9347448432139034,0.8986398904792339
2019-01-11,0.9541649765846815,0.937111059777418,0.934941344589413,0.8986903908327364
2019-01-14,0.95021940337033,0.9369797588583118,0.9355120485843411,0.898684390790736
2019-01-15,0.9595117814078682,0.9454551181858271,0.9438471069297495,0.9069370485593404
2019-01-16,0.9622036210774727,0.9533447734134135,0.9530916716417025,0.9152498067486478
2019-01-17,0.9693572771857364,0.9589942129594903,0.9586628106396755,0.9206909448366143
2019-01-18,0.981452118440945,0.9727333091331634,0.9725937081559581,0.9340439383075686
2019-01-22,0.9660016962277366,0.9580883066181458,0.9579759058313418,0.9197102379716663
2019-01-23,0.97016851653822,0.9635062445437114,0.963120941846594,0.9246775727430098
2019-01-24,0.9723441129835165,0.9651266558865907,0.9651764562351949,0.9271177898245294
2019-01-25,0.979755890703934,0.9719528036696252,0.9722760059320428,0.9342898400288808
2019-01-28,0.9721413031453957,0.9670793695555864,0.9674613722296069,0.9290833035831256
2019-01-29,0.9709428813746815,0.9644690512833585,0.9646847527932709,0.9260996826977795
2019-01-30,0.9862550241528075,0.9766351364459547,0.9763084341590406,0.9383826686786814
2019-01-31,0.9964692650908955,0.983766386364704,0.9828498799491611,0.9442683098781698
2019-02-01,0.9958700542055383,0.9848203937427558,0.9839496876478149,0.9456696196873385
2019-02-04,1.0021755964452963,0.9921180448263133,0.9911224378570664,0.9530463713246
2019-02-05,1.0071536561082632,0.9948673640715479,0.9936535555748904,0.955924991474941
2019-02-06,1.0055680519193182,0.9942218595530163,0.9928325498278502,0.9553863877047146
2019-02-07,0.9955013090453185,0.9844292910050365,0.9829904809333679,0.9455832190825343
2019-02-08,0.9959069287215601,0.9841530890716229,0.9822521757652317,0.9452595168166184
2019-02-11,0.9979719016187908,0.9872854109978766,0.9853959977719858,0.948189737328162
2019-02-12,1.01063829787234,0.9999161994133954,0.9982532877730158,0.9605913241392697
2019-02-13,1.0139754415723292,1.0027053189372321,1.0009815068705494,0.963129041903294
2019-02-14,1.0123345256093512,0.9963611745282213,0.9943068601480224,0.9573445014115105
2019-02-15,1.0224197057413618,1.0089127623893364,1.0073173512214597,0.9705160936126559
2019-02-19,1.0243003060584825,1.011419679937759,1.009829168804183,0.9729642107494759
2019-02-20,1.026697149599911,1.0140635984451885,1.0127428892002257,0.9757435302047119
2019-02-21,1.0231203215457791,1.0117135819950733,1.0102333716336027,0.973357313501195
2019-02-22,1.0293521147534934,1.013949597647183,1.0122298856092005,0.9751965263756851
2019-02-25,1.0309008444264165,1.0159248114736799,1.0144966014762116,0.977318341228389
2019-02-26,1.030052730557911,1.015337807364651,1.0137961965733773,0.9766488365418562
2019-02-27,1.0296471108816694,1.0162231135617943,1.0149519046633337,0.9777425441978099
2019-02-28,1.027102769276153,1.0149288045016307,1.0135113945797631,0.9764028348198442
2019-03-01,1.0342932999004386,1.0196802377616636,1.0183225282576989,0.9809973669815695
2019-03-04,1.0303108521700652,1.0156312094184654,1.0140984986894919,0.9769401385809706
2019-03-05,1.028983369593274,1.0130299912099379,1.0114103798726601,0.9743732206125448
2019-03-06,1.022493454773406,1.0075460528223692,1.0058823411763893,0.9690791835542855
2019-03-07,1.014344186732549,0.998701590911136,0.9968503779526467,0.9603896227273596
2019-03-08,1.0122976510933293,0.9979131853922972,0.9962109734768154,0.9597862185035301
2019-03-11,1.0269552712120653,1.011761182328276,1.0097286681006779,0.9727953095671678
2019-03-12,1.0304214757181311,1.0139909979369852,1.0118693830856826,0.9748643240502691
2019-03-13,1.0374276337623067,1.0211754482281372,1.0190082330576327,0.9817394721763061
2019-03-14,1.0368745160219772,1.022454857184,1.020503743526206,0.9831708821961762
2019-03-15,1.037464508278329,1.0246823727766092,1.0227793594555177,0.9853616975318835
2019-03-18,1.0412625834285925,1.030719915039405,1.029134603942229,0.9914551401859822
2019-03-19,1.0416313285888124,1.028312598188187,1.0262767839374891,0.9887056209393474
2019-03-20,1.0381282495667243,1.01796342574398,1.0149051043357318,0.9777462442237105
2019-03-21,1.0497068475976254,1.027292191045337,1.0232903630325427,0.9857940005580048
2019-03-22,1.0297208599137138,1.006660646624526,1.0018263127841909,0.9652581568070985
2019-03-25,1.0289096205612303,1.0048384338690366,0.9998371988603935,0.9633610435273054
2019-03-26,1.0362476492496036,1.0135051945363613,1.008605660239623,0.9718220027540203
2019-03-27,1.0314539621667467,1.0089964629752404,1.0041476290334046,0.9675223726566096
2019-03-28,1.0353995353810983,1.0151206058442406,1.0105148736041165,0.97365091555641
2019-03-29,1.0421475718131201,1.0210229471606298,1.0161530130710927,0.9790720535043757
2019-04-01,1.0542055385523066,1.0356204493431451,1.0326344284410003,0.9940963586745117
2019-04-02,1.0545374091965043,1.034639442476097,1.0322772259405828,0.9933907537352772
2019-04-03,1.056528633061691,1.0368933582535074,1.0352084464591265,0.9958202707418963
2019-04-04,1.0591098491832296,1.039846278923952,1.0383947687633828,0.9989205924441482
2019-04-05,1.0642722814263064,1.0428958002706015,1.0410333872337119,1.0015369107583765
2019-04-08,1.064972897230724,1.0452780169461182,1.0432182025274188,1.003710425972983
2019-04-09,1.0594232825694163,1.0392204745433213,1.0367355571489012,0.9976829837808877
2019-04-10,1.0630554223975812,1.0436521055647383,1.0411728882102187,1.0019019133133944
2019-04-11,1.0628341753014494,1.0459161214128494,1.0438795071565514,1.0044394310760187
2019-04-12,1.0700615804417568,1.0570858996012966,1.0564698952892684,1.016077612543289
2019-04-15,1.0693240901213172,1.0556101892713243,1.0541639791478554,1.0142295996071986
2019-04-16,1.069989675135514,1.0625533378733647,1.0622961360729537,1.021647651533562
2019-04-17,1.0674434898041967,1.0654600582204072,1.0652346566425976,1.0245338717371033
2019-04-18,1.0694347136693831,1.06612706288944,1.0656435595049178,1.0249866749067256
2019-04-22,1.0705040746340206,1.0658779611457276,1.0648831541820807,1.024360470523295
2019-04-23,1.0798702017036028,1.0724263069841484,1.0718869032083238,1.0307374151619075
2019-04-24,1.0775839817102402,1.0715871011097073,1.0711413979897872,1.030030610214273
2019-04-25,1.0770308639699104,1.070562793939557,1.070729295105067,1.0293451054157392
2019-04-26,1.0820457981488993,1.0763301343109395,1.0768641380489679,1.035336547355833
2019-04-29,1.0832995316936467,1.0810837675863725,1.0824332770329408,1.040479983359885
2019-04-30,1.0839632729820423,1.083949987649913,1.0845366917568438,1.042887000209003
2019-05-01,1.0761458755853832,1.0757502302516113,1.0766323364263564,1.0350598454189193
2019-05-02,1.0740440281721304,1.074603922227455,1.0759047313331207,1.0343029401205823
2019-05-03,1.0841845200781741,1.083845186916308,1.0852338966372779,1.0432112024784188
2019-05-06,1.0799439507356468,1.0783217482522374,1.0792296546075837,1.037666263663847
2019-05-07,1.0621335594970318,1.0605638239467672,1.060969926789489,1.0204284429991024
2019-05-08,1.0603635827279767,1.058723411063877,1.058933612535289,1.01854142979001
2019-05-09,1.0573767469301967,1.0558780911466377,1.056197093379655,1.0159361115527823
2019-05-10,1.0620966849810096,1.0620375342627393,1.061994033958239,1.0217852524967688
2019-05-13,1.0361388694273388,1.034030638214467,1.032506827547794,0.9942974600822219
2019-05-14,1.0447656624506803,1.043539204774433,1.0421478950352663,1.0033582235075658
2019-05-15,1.0511449537224824,1.047437432062024,1.0450990156931108,1.0064828453799188
2019-05-16,1.0606217043401305,1.0573950017650122,1.0553021871153105,1.0161965133755948
2019-05-17,1.0542424130683283,1.0507859555016885,1.0485741400189807,1.009709867969077
2019-05-20,1.0471256314760868,1.0453015171106197,1.0434046038322276,1.0046777327441305
2019-05-21,1.056418009513625,1.0530320712244985,1.0517731624121376,1.0127382891680254
2019-05-22,1.053209926619713,1.0498525489678427,1.0479809358665517,1.009093663655647
2019-05-23,1.0408569637523506,1.0369776588436117,1.0344378410648882,0.9960673724716085
2019-05-24,1.0428113131015155,1.0397699783898486,1.0380495663469653,0.9995006965048768
2019-05-28,1.0336295586120432,1.0293761056327393,1.028082696578877,0.9899084293590067
2019-05-29,1.0265127770198017,1.0247411731882121,1.0239306675146735,0.9858803011621093
2019-05-30,1.0289833695932744,1.0259976819837737,1.0246799727598102,0.9866554065878473
2019-05-31,1.0154135476971868,1.0109521766652363,1.0095405667839683,0.9720867046069335
2019-06-03,1.0123529628673629,1.011315179206254,1.0094879664157657,0.9720016040112293
2019-06-04,1.0344039234485052,1.0352601468210274,1.0346807427652003,0.996240373682617
2019-06-05,1.0431800582617357,1.044841413889897,1.0439853078971562,1.0052301366109575
2019-06-06,1.0499649692097794,1.0521033647235527,1.0507118549829857,1.0117293821056759
2019-06-07,1.0606217043401307,1.0600435203046417,1.057679703757927,1.0185292297046094
2019-06-10,1.065417235148789,1.0665720660044615,1.0648118536829767,1.0253789776528448
2019-06-11,1.0652678933589,1.0672294706062937,1.0652938570570003,1.025832580828067
2019-06-12,1.0633135440097352,1.0619965339757373,1.0593741156188103,1.0201834412840904
2019-06-13,1.0680703565765701,1.0656456595196162,1.0630167411171887,1.0236900658304622
2019-06-14,1.0663741288395592,1.0640963486744404,1.0618300328102306,1.022500457503204
2019-06-17,1.0672959917401086,1.0605492238445664,1.057569102983722,1.0184505291537054
2019-06-18,1.0778052288063722,1.071130497913485,1.0692601848212948,1.0297061079427567
2019-06-19,1.0806076920240426,1.0723220062540435,1.0699067893475265,1.0303671125697893
2019-06-20,1.090895681994174,1.0819995739970178,1.0790755535288759,1.039243374703624
2019-06-21,1.084405767174306,1.0734168139176972,1.07058809411666,1.0310682174775236
2019-06-24,1.082783288469339,1.0728274097918684,1.069629187404313,1.030158711110979
2019-06-25,1.0722740514030755,1.0645240516683616,1.0612781289469038,1.022079154554083
2019-06-26,1.0710940668903721,1.0635385447698134,1.0609037263260854,1.0217389521726663
2019-06-27,1.0750396401047237,1.0685973801816613,1.066731867123071,1.0273092911650394
2019-06-28,1.0807920646041522,1.0759978319848238,1.0745395217766534,1.035319247234732
2019-07-01,1.0900475681256685,1.0871907103349723,1.0862632038424278,1.046605426237985
2019-07-02,1.0931819019875364,1.0892763249342743,1.0878657150600064,1.0481656371594614
2019-07-03,1.1016630406725911,1.0981968873782113,1.0963532744729223,1.0563502944520624
2019-07-05,1.100188060031712,1.0978797851584958,1.0967031769222395,1.0566613966297778
2019-07-08,1.0946568826284153,1.0928227497592478,1.091143138001967,1.0513508594560177
2019-07-09,1.0961318632692942,1.093742856199993,1.0926644486511414,1.0528166697166894
2019-07-10,1.1011099229322614,1.096415474908324,1.09426665986662,1.054415080905568
2019-07-11,1.1036542645377778,1.1007101049707344,1.0988943922607468,1.0588490119430853
2019-07-12,1.1087429477488107,1.107518652630568,1.1060556423894976,1.065757360301524
2019-07-15,1.1090379438769864,1.1065122455857188,1.1045138315968221,1.064351050457355
2019-07-16,1.1052767432427448,1.1026442185095293,1.100635604449232,1.060593724156071
2019-07-17,1.0980124635864152,1.095941271588901,1.0933911537380772,1.0536307754154297
2019-07-18,1.101994911316789,1.1031948223637564,1.100774805423639,1.0606927248490758
2019-07-19,1.095615620044987,1.0975426827987795,1.095199366395566,1.055304487131412
2019-07-22,1.0985655813267452,1.1006814047698332,1.0986942908600372,1.0586931108517779
2019-07-23,1.1060879825952286,1.1099293695055865,1.1084059588417132,1.068002176015234
2019-07-24,1.1113241638703495,1.1155469088283618,1.115117005819042,1.0744532211725504
2019-07-25,1.1061255946015711,1.1103314723203062,1.109587867115071,1.0691085837600884
2019-07-26,1.1135735093476902,1.1198970392792749,1.1194173359213526,1.078467149270047
2019-07-29,1.1116929090305694,1.11653331573321,1.1151842062894453,1.0744304210129492
2019-07-30,1.1092591909731189,1.1144898014286098,1.112751989263926,1.0720250041750314
2019-07-31,1.0965743574615587,1.1020485143396002,1.1014568101976725,1.0610893276252955
2019-08-01,1.0873557284560644,1.0877755144286005,1.085631799422597,1.0459454216179533
2019-08-02,1.0795383310594053,1.0815750710254968,1.079614057298402,1.0400653804576652
2019-08-05,1.0473837530882413,1.046173123211862,1.043839306875149,1.0056287394011776
2019-08-06,1.0611379475644385,1.0608741261188823,1.0590431133017941,1.0202856419994957
2019-08-07,1.0620966849810098,1.0601589211124474,1.0565983961887744,1.0180471263298858
2019-08-08,1.0824514178251414,1.0797467582273073,1.076265733860138,1.037028259197816
2019-08-09,1.0752240126848338,1.072699908899362,1.0695554868884092,1.030522513657597
2019-08-12,1.0623548065931638,1.0578133046931324,1.0537313761196336,1.0153061071427514
2019-08-13,1.07832147203068,1.0742656198593385,1.0700972906810355,1.031135017945127
2019-08-14,1.0469412588959774,1.0423051961363725,1.036960958726712,0.9992294946064637
2019-08-15,1.0497805966296698,1.0466329264304848,1.040693384853695,1.0022173155212102
2019-08-16,1.0651941443268564,1.0637929465506255,1.058264507851556,1.0192021344149425
2019-08-19,1.0779158523544385,1.0764275349927446,1.0706945948621651,1.0311566180963283
2019-08-20,1.0695453372174497,1.0657553602875216,1.0597785184496302,1.020596844177911
2019-08-21,1.0783214720306804,1.072739609177264,1.0666962668738693,1.027249390745737
2019-08-22,1.0778789778384166,1.0752835269846888,1.0695722870060103,1.0300585104095747
2019-08-23,1.0502230908219337,1.048229137603963,1.0422569957989718,1.0036974258819829
2019-08-26,1.0618754378848785,1.0604611232278625,1.0543444804113642,1.0152966070762512
2019-08-27,1.0577086175743948,1.055857891005237,1.049461946233625,1.010534973744818
2019-08-28,1.0650466462627683,1.0634511441580088,1.0570315992211958,1.0178686250803772
2019-08-29,1.078800840738966,1.0767424371970602,1.07119459836219,1.0316332214325519
2019-08-30,1.078432095578746,1.077697343881407,1.0725297077079554,1.0329788308518177
2019-09-03,1.0722003023710318,1.0702407916855416,1.0639820478743365,1.024596372174607
2019-09-04,1.0840001474980645,1.083168482179375,1.076954538681772,1.0370787595513187
2019-09-05,1.0981968361665255,1.0979861859033013,1.093484354390482,1.0532317726224103
2019-09-06,1.099118699067075,1.0989208924462472,1.094138858972014,1.05384327690294
2019-09-09,1.0994136951952507,1.103167222170555,1.0997931985523912,1.059534316740219
2019-09-10,1.0995980677753605,1.1024006168043174,1.0995942971600814,1.0594805163636163
2019-09-11,1.107304841623954,1.1096831677821744,1.106995348967444,1.0666203663425662
2019-09-12,1.1109185441941076,1.1145573019011132,1.1121466850267965,1.0715905011335098
2019-09-13,1.1101073048416241,1.1149082043574303,1.1135556948898655,1.073140511983586
2019-09-16,1.1068254729156684,1.1100704704932933,1.1085506598546202,1.068366078562552
2019-09-17,1.1097016851653825,1.1127876895138265,1.1111630781415482,1.0708236957658723
2019-09-18,1.1102916774217342,1.1148900042300296,1.113671695701871,1.073283812986693
2019-09-19,1.1101441793576463,1.1130734915144407,1.1113962797739596,1.0710123970867818
2019-09-20,1.099339946163207,1.1006996048972342,1.0987261910833388,1.0587869115083826
2019-09-23,1.0997824403554708,1.1030806215643507,1.1010643074501534,1.061018927132492
2019-09-24,1.0907850584461083,1.0957808704660932,1.093056951398661,1.0531924723473085
2019-09-25,1.0973855968140422,1.1030732215125505,1.1008688060816438,1.0607566252963792
2019-09-26,1.0950625023046576,1.1023242162695137,1.0995973971817816,1.0594285159996142
2019-09-27,1.0891257052251193,1.0987296911078377,1.096403874827125,1.0564413950897678
2019-09-30,1.0945462590803499,1.1027742194195358,1.0993938957572715,1.0597965185756322
2019-10-01,1.081197684280394,1.0879318155227087,1.083323883267184,1.0440112080784587
2019-10-02,1.062133559497032,1.0668508679560755,1.062283735986153,1.0237280660964647
2019-10-03,1.0707253217301524,1.0741539190774334,1.069225884581193,1.0302025114175821
2019-10-04,1.0854751281389434,1.0918232427626993,1.0871956103692737,1.0475718330028332
2019-10-07,1.0808289391201744,1.0860111020777146,1.081687171810204,1.0422738959172737
2019-10-08,1.0640141598141528,1.0681699771898403,1.0631694421860964,1.024381070667497
2019-10-09,1.0738965301080428,1.079082053574375,1.0742382196675389,1.0349478446349145
2019-10-10,1.0813083078284602,1.0870466093262652,1.0827498792491557,1.0432359026513207
2019-10-11,1.0924444116670973,1.0977464842253895,1.094407160850127,1.0544641812492708
2019-10-14,1.0915225487665479,1.0971375799630596,1.0942621598351199,1.0543748806241664
2019-10-15,1.1021792838968991,1.106432845029915,1.104795333567336,1.0646031522220676
2019-10-16,1.1003724326118223,1.1037684263789846,1.1019743138201978,1.06200073400514
2019-10-17,1.1034330174416465,1.1055771390399733,1.1034792243545715,1.063530644714515
2019-10-18,1.0987868284228774,1.1029081203568425,1.1008306058142416,1.061203128421901
2019-10-21,1.1064198532394267,1.1137241960693725,1.112471487300412,1.0724895074265541
2019-10-22,1.102658652605185,1.109063663445644,1.1072824509771577,1.0677130739915202
2019-10-23,1.105719237435009,1.1125148876042132,1.110577874045119,1.0709251964763777
2019-10-24,1.10778421033224,1.1163455144186007,1.1143320003240031,1.0742262195835393
2019-10-25,1.1122829012869209,1.1212599488196415,1.1200775405427847,1.0796335574349043
2019-10-28,1.118625318042701,1.1275967931775521,1.1270991896943288,1.0862771039397296
2019-10-29,1.1180353257863493,1.1261884833193831,1.1256081792572556,1.0850903956327715
2019-10-30,1.1215015302924154,1.1287077009539066,1.1278800951606671,1.0871513100591725
2019-10-31,1.1182565728824814,1.1251911763382343,1.1241595691169848,1.0834577842044917
2019-11-01,1.1290239315608988,1.1367643573505013,1.136775357427503,1.0956917698423911
2019-11-04,1.1333013754194479,1.1413921897453279,1.1425978981852882,1.1013796096572699
2019-11-05,1.1320476418747007,1.14368150577054,1.145127415891912,1.103958627710396
2019-11-06,1.1325638850990085,1.1461610231271617,1.1477140339982388,1.1065729460106242
2019-11-07,1.1365463328293823,1.1515076605536236,1.1538638770471399,1.112492587448114
2019-11-08,1.1393119215310308,1.1534852743969204,1.1559207914455407,1.1143737006159062
2019-11-11,1.137173199601756,1.1515706609946266,1.1539631777422446,1.11241148688041
2019-11-12,1.1392012979829649,1.1536446755127283,1.1559397915785414,1.1142797999586016
2019-11-13,1.1396806666912505,1.1532410726875086,1.1545048815341712,1.1126840887886236
2019-11-14,1.1413768944282612,1.1538420768945379,1.1552837869865096,1.1134990944936634
2019-11-15,1.1498580331133161,1.1594195159366114,1.1609307265150863,1.1182514277599962
2019-11-18,1.1504480253696678,1.1621072347506431,1.1635615449308152,1.1208112456787216
2019-11-19,1.150079280209448,1.1627616393314752,1.164600052200366,1.121756452295168
2019-11-20,1.1460230834470306,1.158471309299165,1.1595725170076199,1.1169973189812348
2019-11-21,1.1441793576459318,1.1555981891873242,1.1568514979604865,1.1143553004871054
2019-11-22,1.1467974482834922,1.1585685099795697,1.1604791233538645,1.1178297248080755
2019-11-25,1.155462959548657,1.1675254726783086,1.169872589108125,1.126776987438914
2019-11-26,1.1579335521221295,1.1693871857103,1.1711228978602863,1.1280663964647772
2019-11-27,1.1631697333972504,1.174038418268928,1.175990931936525,1.1327225290577054
2019-11-29,1.158855415022679,1.1714412000884007,1.1733681135767964,1.1302148115036825
2019-12-02,1.1490099192448113,1.1635088445619122,1.164650152551069,1.1219510536573776
2019-12-03,1.1411556473321303,1.1528347698433892,1.1530254711782995,1.1108336758357327
2019-12-04,1.1485305505365258,1.1609171264198852,1.1612442287096023,1.1187640313482212
2019-12-05,1.1506323979497786,1.1644137508962566,1.1652515567608985,1.122578258047808
2019-12-06,1.160883513403888,1.175950931656522,1.177462742239197,1.1342648398538808
2019-12-09,1.1573804343818002,1.1732290126030887,1.1744669212684502,1.1314392200745425
2019-12-10,1.156200449869097,1.172131404919835,1.1735803150622068,1.1305433138031984
2019-12-11,1.159371658246987,1.1741246188723327,1.1753692275845946,1.1322347256430811
2019-12-12,1.1694384011209866,1.1876554135878958,1.1904556331894338,1.1466238263667863
2019-12-13,1.1699546443452942,1.188167417171921,1.190495833470836,1.1466565265956878
2019-12-16,1.1781776614181951,1.1946506625546385,1.196946578626052,1.1528325698279904
2019-12-17,1.178362033998305,1.1957321701251915,1.198476289334027,1.1542988800921623
2019-12-18,1.178398908514327,1.1932101524710679,1.1956856697996903,1.1516146613026308
2019-12-19,1.183340093661272,1.1975490828435806,1.1996228973602832,1.1554169879189171
2019-12-20,1.1834875917253596,1.1962032734229147,1.1979825858781028,1.1538176767237387
2019-12-23,1.1844832036579531,1.1960174721223056,1.197822684758795,1.1536037752264283
2019-12-24,1.1846307017220408,1.1964813753696284,1.198355588489121,1.1541189788328534
2019-12-26,1.1907149968656672,1.2027049189344332,1.2050629354405498,1.160534123738868
2019-12-27,1.1905306242855573,1.2027547192830357,1.204702732919132,1.160229721608053
2019-12-30,1.1840407094656893,1.196620376342635,1.1990324932274543,1.154761483330385
2019-12-31,1.1869537962314254,1.1991366939568584,1.2010413072891526,1.1573001011007096
2020-01-02,1.1978317784579087,1.2096470675294735,1.2132596928178514,1.1686588806121663
2020-01-03,1.1889818946126343,1.1997367981575877,1.2025302177115256,1.1584199089393645
2020-01-06,1.1935174600833376,1.2019811138677976,1.2046240323682282,1.160348422438959
2020-01-07,1.1901618791253374,1.196564575952032,1.1994058958412726,1.155122085854603
2020-01-08,1.1962830487849858,1.2039397275780936,1.2073502514517618,1.162546137822967
2020-01-09,1.2043954423098207,1.2135956951698668,1.2172610208271475,1.1719270034890268
2020-01-10,1.2010029868357988,1.2084466591266145,1.2117884825193794,1.1664804653632599
2020-01-13,1.2092628784247217,1.2186503305523144,1.2224281569971007,1.176502835519851
2020-01-14,1.207382278107601,1.2157470102290724,1.2190933336533372,1.1734297140080003
2020-01-15,1.2101109922932272,1.2156297094079664,1.218253427773996,1.1724649072543532
2020-01-16,1.2201777351672267,1.2258703810926683,1.2291955043685323,1.1827383791686565
2020-01-17,1.2242708064456662,1.230699614897305,1.234415140905988,1.187623913367396
2020-01-21,1.2216895903241278,1.2263328843301908,1.2295920071440518,1.182728679100756
2020-01-22,1.2219845864523036,1.2286377004639037,1.2322386256703814,1.1851899963299768
2020-01-23,1.2232751945130729,1.2291394039758283,1.2329079303555142,1.1856056992398973
2020-01-24,1.2122497142225015,1.2178600250201757,1.2214282499977516,1.174316820217744
2020-01-27,1.1929643423430074,1.1991406939848583,1.2014523101661727,1.1555055885391223
2020-01-28,1.2053910542424138,1.212322786259504,1.215863711045979,1.1690005830040837
2020-01-29,1.2043954423098204,1.2111869783088485,1.2152369066583482,1.1682409776868463
2020-01-30,1.2082303919761062,1.2221445550118855,1.2263454844183925,1.1790210531473746
2020-01-31,1.1864006784910957,1.197706983948888,1.2009318065226473,1.1549979849858976
2020-02-03,1.19525056233637,1.2057876405134842,1.2099211694481877,1.1632857430002037
2020-02-04,1.2134665732512266,1.2230178611250284,1.228209497466484,1.1802131614921332
2020-02-05,1.227257642243446,1.2383455684189795,1.243761906333346,1.1955644689512852
2020-02-06,1.2314613370699514,1.2419839938879575,1.247642133494936,1.1989231924623498
2020-02-07,1.2249714222500836,1.2368529579707062,1.2420034940244595,1.1937964565751986
2020-02-10,1.234153176739556,1.2444044108308763,1.249948349638449,1.2009951069657514
2020-02-11,1.2363656477008746,1.2448972142805004,1.2506091542640811,1.2018667130669942
2020-02-12,1.2441830450975337,1.250342752399267,1.2564248949742662,1.2071031497220508
2020-02-13,1.2429661860688084,1.2503199522396657,1.2559672917710438,1.2068070476493362
2020-02-14,1.2448836609019511,1.2528006696046874,1.258561509930571,1.2091579641057513
2020-02-18,1.2415649544599732,1.246445525118676,1.2520078640550498,1.2020609144264036
2020-02-19,1.2475017515395117,1.254060178421249,1.260479623357365,1.2100806705646965
2020-02-20,1.242597440908589,1.2493889457226202,1.2552520867646089,1.205275536928761
2020-02-21,1.2297282348169187,1.235878851151958,1.2400966806767661,1.191053337373364
2020-02-24,1.1888712710645681,1.1949449646147523,1.1980671864703067,1.1509085563598969
2020-02-25,1.1530661160072282,1.159227514592602,1.161240028680202,1.1154910084370613
2020-02-26,1.148825546664701,1.1551538860772024,1.1577019039133287,1.1118670830695836
2020-02-27,1.0972012242339328,1.1027028189197323,1.104446931128519,1.0609229264604874
2020-02-28,1.092075666506878,1.0901824312770187,1.0925525478678362,1.0488262417836947
2020-03-02,1.1397175412072724,1.1439774078418548,1.1466841267888888,1.1006676046732349
2020-03-03,1.1074892142040642,1.108006856047992,1.1086481605371248,1.06424634972445
2020-03-04,1.15384048084369,1.1525374677622742,1.1523923667465683,1.1060842425897002
2020-03-05,1.1152697370847016,1.1113271792902548,1.1095267666873678,1.0647036529255725
2020-03-06,1.096721855525647,1.0871354099478694,1.0839606877248151,1.0399765798360607
2020-03-09,1.0118367196430553,0.9980328862302034,0.9920348442439106,0.9512367586573124
2020-03-10,1.0636085401379114,1.05184276289934,1.0481898373288625,1.0048747341231408
2020-03-11,1.0116892215789675,0.9982588878122146,0.9945715620009352,0.9533371733602153
2020-03-12,0.9148567425052552,0.8982700878906152,0.8943229602607229,0.8570751995263983
2020-03-13,0.9990412625834293,0.9971481800372602,0.9959175714230011,0.9545582819079753
2020-03-16,0.882812788082157,0.8777596443175103,0.8716576016032122,0.8356524495671487
2020-03-17,0.9373133227626395,0.9339632377426642,0.9263950847655944,0.8879930159511134
2020-03-18,0.8887127106456735,0.883325183276283,0.8740114180799275,0.8371186598306205
2020-03-19,0.8892658283860032,0.8844101908713362,0.8780233461634241,0.8410999876999156
2020-03-20,0.844205169807147,0.8444954114678804,0.8396036772257416,0.8043878307148166
2020-03-23,0.8204948560050156,0.8101539710777977,0.8053131371919613,0.7707804954634697
2020-03-24,0.8982263357793436,0.8898932292526048,0.8881336169353197,0.8502073514514618
2020-03-25,0.9099524318743325,0.8993261952833672,0.8981741872193116,0.8602639218474545
2020-03-26,0.9638629742984631,0.9542852799969601,0.9534965744760227,0.9132482927380509
2020-03-27,0.9343633614808814,0.9249371745602221,0.9221410549873862,0.883496084472593
2020-03-30,0.9649323352631006,0.9543130801915615,0.9509829568806996,0.9108172757209317
2020-03-31,0.9502562778863536,0.9345205416437915,0.9307255150786068,0.8912640388482737
2020-04-01,0.907555588332904,0.8926017482122376,0.8867444072108518,0.8489960429723025
2020-04-02,0.9287584350455409,0.9140880986166904,0.9076795537568776,0.8690632834429859
2020-04-03,0.9152623621814973,0.9030507213550496,0.8950217651523573,0.8569813988697937
2020-04-06,0.9770271765183091,0.9632563427943998,0.9578926052482379,0.9165711159978138
2020-04-07,0.977543419742617,0.9623627365391559,0.9573506014542114,0.9166272163905165
2020-04-08,1.0106198606143304,0.9922647458532212,0.9879803158622121,0.9464167249170761
2020-04-09,1.0259965337954948,1.0140509983569888,1.010529673707717,0.9694278859952038
2020-04-13,1.0161510380176269,0.998648390538734,0.9950797655583599,0.9533598735191166
2020-04-14,1.046756886315868,1.024932874530122,1.020612444287111,0.9767089369625606
2020-04-15,1.024189682510418,0.997218180527264,0.9921479450356162,0.9487843414903921
2020-04-16,1.0295733618496266,0.9964132748929246,0.9912503387523722,0.9469340285382014
2020-04-17,1.0573029978981536,1.026481285368998,1.0213109491766452,0.9770406392844768
2020-04-20,1.0384232456949012,1.0072830509813573,1.0026219183534295,0.9589204124428888
2020-04-21,1.0067480364320225,0.9755393287753018,0.9695259866819077,0.9277930945516636
2020-04-22,1.0294258637855387,0.9977081839572881,0.992983950887657,0.9493155452088182
2020-04-23,1.0290202441092968,0.9904220329542311,0.9855498988492928,0.9423413963897764
2020-04-24,1.0436963014860439,1.0059025413177898,1.0018087126609894,0.9575616029312224
2020-04-27,1.0587042295069886,1.023477264340851,1.0201791412539896,0.9758797311581199
2020-04-28,1.0537630443600434,1.023722766059363,1.0191353339473386,0.975981531870725
2020-04-29,1.0811239352483506,1.0496326474285327,1.0479924359470525,1.0029748208237477
2020-04-30,1.0707990707621968,1.0343819406735855,1.0329313305193146,0.9877725144076027
2020-05-01,1.0425531914893624,1.0082573578015053,1.0058044406310853,0.9616945318617248
2020-05-04,1.0459825214794063,1.0092215645509526,1.007268550879857,0.9623084361590548
2020-05-05,1.0554223975810326,1.0142733999138003,1.012965090755636,0.9671780702464935
2020-05-06,1.048305615988791,1.0055082385576706,1.005152636068453,0.9586963108741778
2020-05-07,1.0608798259522851,1.0192039344275416,1.0203478424348977,0.9733031131217936
2020-05-08,1.0784689700947685,1.038722671058698,1.03916767417372,0.9916435415047923
2020-05-11,1.0788008407389662,1.0337105359737526,1.0344445411117884,0.9861827032789247
2020-05-12,1.0568973782219118,1.0129089903629334,1.0126089882629186,0.9652113564794971
2020-05-13,1.038644492791033,0.992698848891943,0.9917531422719966,0.9449326145283033
2020-05-14,1.051108079206461,1.00651234558642,1.0070724495071472,0.9597313181192284
2020-05-15,1.0555698956451203,1.0082005574039028,1.0082944580612072,0.9605276236933673
2020-05-18,1.0877797853903175,1.0423121961853743,1.0428424998975,0.994619662337638
2020-05-19,1.0768096168737793,1.027224090568635,1.0284476991338949,0.9803871627101406
2020-05-20,1.0950256277886359,1.0468050276351943,1.0488637420461953,0.9997771984403908
2020-05-21,1.087023857811867,1.0383871687101818,1.0402422816959729,0.9917497422481975
2020-05-22,1.0893469523212513,1.0396112772789416,1.0414522901660321,0.9927900495303483
2020-05-26,1.1031011467974485,1.0603548224837582,1.0624378370648604,1.0137891965243775
2020-05-27,1.1190678122349649,1.0835029845208923,1.0855833990837946,1.0366839567876993
2020-05-28,1.117150337401822,1.077919145434019,1.0791021537150771,1.0303278122946877
2020-05-29,1.1215752793244593,1.0789346525425687,1.080651264558853,1.0312344186409321
2020-06-01,1.1268114605995798,1.0850527953695686,1.0863965047755346,1.0370065590459148
2020-06-02,1.136214462185184,1.0931400519803647,1.0947431632021436,1.044910214371502
2020-06-03,1.1512655333898745,1.1128815901711322,1.1152695068865495,1.0650613554294897
2020-06-04,1.1479405582801727,1.116410514873605,1.1192338346368438,1.0694522861660047
2020-06-05,1.1772926730336666,1.1488255417787934,1.1525326677286756,1.1014443101101723
2020-06-08,1.1919687304104136,1.162061634431442,1.1651466560265937,1.1137598963192759
2020-06-09,1.1829713485010511,1.1521991653941588,1.1564164949154658,1.1048109336765375
2020-06-10,1.1763339356170952,1.1393782756479305,1.144317510222573,1.0920602444217125
2020-06-11,1.108521700652679,1.0688836821857761,1.0718160027120205,1.022483657385603
2020-06-12,1.1220177735167227,1.0781402469817296,1.0815787710513987,1.0318223227562606
2020-06-15,1.1321582654227664,1.098227287591014,1.1025540178781266,1.0521671651701574
2020-06-16,1.1539142298757332,1.1177042239295683,1.1222546557825919,1.0708258957812717
2020-06-17,1.1488624211807223,1.1107963755746297,1.115335907351353,1.0639356475495343
2020-06-18,1.149526162469118,1.1134185939301584,1.1179207254450796,1.0662883640185494
2020-06-19,1.1378000663741292,1.106369144584013,1.110888376218635,1.059541616791319
2020-06-22,1.1456174637707885,1.1050710354972493,1.1111154778083463,1.059115013805098
2020-06-23,1.1505955234337555,1.1094408660860633,1.1161838132866948,1.0638230467613286
2020-06-24,1.1214277812603717,1.0804680632764436,1.0867041069287502,1.035526848687942
2020-06-25,1.1331907518713824,1.0967057769404391,1.1038271267898894,1.052096464675254
2020-06-26,1.106272355175339,1.065517758624311,1.07179790258532,1.0211640481483382
2020-06-29,1.1225708912570531,1.080413662895641,1.0858134006938067,1.034565441958095
2020-06-30,1.1378369408901519,1.0954821683751792,1.101718912032386,1.0496062472437317
2020-07-01,1.1452118440945473,1.0941745592219152,1.101085007595055,1.0481168368178588
2020-07-02,1.1511486411740857,1.0985297897085287,1.105329037303263,1.0520325642279507
2020-07-06,1.168885283380657,1.1151753062271443,1.1231345619419353,1.0689860829025812
2020-07-07,1.1568273166414704,1.104312130184912,1.1116436815057722,1.0571705001935023
2020-07-08,1.1656772004867448,1.1138391968743786,1.123333363333545,1.067593873157113
2020-07-09,1.1594085327630088,1.1039729278104953,1.1158677110739792,1.0584053088371628
2020-07-10,1.1711715033740195,1.122130454913185,1.1319725238076683,1.0758693310853187
2020-07-13,1.160846638887866,1.1142188995322975,1.1213253492774464,1.0677286741007197
2020-07-14,1.1758914414248327,1.1268391878743158,1.1330778315448224,1.079000353002472
2020-07-15,1.1868616099413711,1.138376968638781,1.1438924072468524,1.090609234264641
2020-07-16,1.1827869759209426,1.134459841218889,1.1382907680353778,1.086242803699627
2020-07-17,1.1861425568789428,1.1343666405664845,1.1382918680430778,1.085568998982994
2020-07-20,1.1960618016888547,1.1399760798325593,1.1485680399762812,1.092692948850643
2020-07-21,1.1982742726501732,1.1466172263205847,1.1521493650455568,1.0983787886515215
2020-07-22,1.2051329326302611,1.1521459650217556,1.1579011053077384,1.1033868237077669
2020-07-23,1.190807183155723,1.1422603958227713,1.1445405117835836,1.0927900495303478
2020-07-24,1.1831557210811627,1.135599849198945,1.1368857582003085,1.0860245021715162
2020-07-27,1.1917106087982614,1.1403832826829794,1.1431230018610141,1.0903667325671291
2020-07-28,1.1844094546259099,1.1347921435450055,1.1362458537209772,1.084448791141539
2020-07-29,1.198753641358459,1.1495390467733282,1.1518194627362404,1.0995813970697805
2020-07-30,1.1946605700800197,1.1439364075548535,1.1477278340948398,1.093997557982907
2020-07-31,1.2041373206976678,1.153480974366821,1.1608820261741846,1.1044084308590174
2020-08-03,1.2122865887385246,1.1631866423064967,1.1737977165840172,1.1149838048866356
2020-08-04,1.2169696522733155,1.1666245663719652,1.1764382350676466,1.1170991196938393
2020-08-05,1.224455179025777,1.1739762178335256,1.1833394833763846,1.1247351731462134
2020-08-06,1.2327519451307218,1.1807754654282587,1.1920964446751137,1.131887823214764
2020-08-07,1.2336369335152495,1.1853068971482807,1.1932174525221686,1.1359877519142647
2020-08-10,1.2373243851174474,1.1892826249783754,1.1949524646672536,1.1390384732693144
2020-08-11,1.2272576422434476,1.184985494898465,1.188372618608331,1.1352301466110277
2020-08-12,1.2442199196135573,1.1972820809745675,1.202515317607224,1.1467424271969917
2020-08-17,1.2459161473505682,1.1941507590553142,1.2004190029330213,1.1428583000081014
2020-08-18,1.2486448615361945,1.1942053594375168,1.201129607907256,1.143456504195531
2020-08-19,1.2434824292931177,1.190578434049039,1.197926185483299,1.1404224829573821
2020-08-20,1.2472805044433812,1.192165545158817,1.2021831152818074,1.1443551104857748
2020-08-21,1.2516685718499965,1.1970090790635544,1.2084150589054128,1.1502224515571622
