Date,XLB,XLC,XLE,XLF,XLI,XLK,XLP,XLRE,XLU,XLV,XLY,Daily Total
2018-06-29,5545.799999999999,11447.399999999998,8034.299999999997,0.0,27845.099999999995,18203.0,0.0,0.0,0.0,9223.1,19701.3,100000.0
2018-07-02,5517.149405889443,11533.018314129775,7904.236970255328,0.0,27891.74170854271,18378.659081088863,0.0,0.0,0.0,9251.839285714286,19730.14260225089,100206.79
2018-07-03,5507.599207852591,11382.376361431167,7969.79719663069,0.0,27814.005527638186,18161.051562725042,0.0,0.0,0.0,9280.578571428572,19629.19349437277,99744.6
2018-07-05,5555.350198036851,11565.39129290479,7952.8784285338215,0.0,27942.270226130648,18415.363963704447,0.0,0.0,0.0,9375.639285714286,19730.14260225089,100537.04
2018-07-06,5581.135732736351,11748.22110369921,8002.577309818371,0.0,28043.32726130653,18627.727927408898,0.0,0.0,0.0,9508.282142857142,19885.171589349437,101396.44
2018-07-09,5633.661821939038,11817.641358399027,8122.066109502498,0.0,28556.386055276376,18771.92568054155,0.0,0.0,0.0,9571.2875,20121.320395278613,102594.29
2018-07-10,5678.547752712243,11810.467932080046,8182.339220847588,0.0,28649.669472361802,18821.73944980556,0.0,0.0,0.0,9612.185714285713,20162.78163601427,102917.73
2018-07-11,5584.000792147407,11794.501273499089,8005.749578836532,0.0,28191.02600502512,18724.73368860723,0.0,0.0,0.0,9534.810714285715,20119.517732637934,101954.34
2018-07-12,5597.371069399001,11979.621952698604,8019.496077915239,0.0,28501.97072864321,19039.34696816938,0.0,0.0,0.0,9644.241071428572,20252.914768048307,103034.96
2018-07-13,5595.46102979163,11961.10988477865,8063.379132666488,0.0,28672.99032663316,19023.61630419127,0.0,0.0,0.0,9665.242857142857,20301.586659346693,103283.39
2018-07-16,5550.575099018425,11926.399757428742,7968.739773624635,0.0,28548.612437185926,18971.180757597576,0.0,0.0,0.0,9600.026785714286,20343.047900082347,102908.58
2018-07-17,5624.111623902186,11926.399757428742,7942.30419847328,0.0,28659.386494974868,19112.756733400547,0.0,0.0,0.0,9654.189285714287,20364.679851770517,103283.83
2018-07-18,5626.021663509556,11894.003638568827,7944.4190444853875,0.0,28980.048241206026,19086.5389601037,0.0,0.0,0.0,9660.82142857143,20348.455888004388,103540.31
2018-07-19,5588.775891165834,11810.699332929045,7944.4190444853875,0.0,28968.387814070345,19022.30541552643,0.0,0.0,0.0,9607.764285714287,20306.994647268733,103249.35
2018-07-20,5567.765455484759,11771.361188599149,7916.926046327979,0.0,28933.40653266331,19020.994526861585,0.0,0.0,0.0,9587.867857142857,20216.861515234694,103015.18
2018-07-23,5538.1598415705175,11810.699332929045,7885.20335614635,0.0,28752.669912060293,19112.756733400547,0.0,0.0,0.0,9611.080357142859,20197.032226187206,102907.6
2018-07-24,5609.786326846908,11903.259672528802,7984.601118715449,0.0,28886.764824120593,19220.24960391761,0.0,0.0,0.0,9697.298214285714,20137.54435904474,103439.5
2018-07-25,5651.807198209057,11988.87798665858,8058.620729139244,0.0,29287.106155778885,19456.209563589222,0.0,0.0,0.0,9811.150000000001,20283.56003293988,104537.33
2018-07-26,5683.322851730669,11536.767007883564,8140.04230060542,0.0,29535.861934673358,19162.570502664552,0.0,0.0,0.0,9791.253571428571,20175.400274499036,104025.22
2018-07-27,5663.2674358532795,11317.815524560338,8103.0324953935215,0.0,29531.975125628138,18829.60478179461,0.0,0.0,0.0,9720.510714285714,20128.531045841337,103294.74
2018-07-30,5651.807198209057,11146.578896300787,8173.879836799155,0.0,29256.011683417077,18546.452830188675,0.0,0.0,0.0,9730.45892857143,19969.89673346143,102475.09
2018-07-31,5702.423247804373,11213.68514251061,8148.501684653854,0.0,29874.014321608036,18591.023044793314,0.0,0.0,0.0,9828.835714285715,20056.42454021411,103414.91
2018-08-01,5647.032099190631,11167.404972710732,8039.587115030268,0.0,29496.9938442211,18756.195016563444,0.0,0.0,0.0,9833.257142857143,19966.29140818007,102906.76
2018-08-02,5606.921267435852,11241.453244390537,7997.290194788099,0.0,29450.352135678386,18992.154976235055,0.0,0.0,0.0,9867.523214285715,20090.67513038704,103246.37
2018-08-03,5661.3573962459095,11317.815524560338,7958.165543564093,0.0,29473.672989949744,19062.942964136535,0.0,0.0,0.0,9928.317857142856,20157.373648092227,103559.65
2018-08-06,5661.3573962459095,11424.259915100058,7987.773387733612,0.0,29514.48448492462,19175.679389312976,0.0,0.0,0.0,9943.792857142857,20296.17867142465,104003.53
2018-08-07,5677.592732908558,11442.771983020011,8043.816807054484,0.0,29726.315577889443,19241.22382255509,0.0,0.0,0.0,9943.792857142857,20388.114466099367,104463.63
2018-08-08,5658.492336834854,11435.82995755003,7985.658541721503,0.0,29598.050879396982,19291.037591819095,0.0,0.0,0.0,9959.267857142857,20413.351743068895,104341.69
2018-08-09,5686.187911141725,11498.308186779865,7910.581508291653,0.0,29438.691708542705,19298.90292380815,0.0,0.0,0.0,9948.214285714286,20489.063573977488,104269.95
2018-08-10,5605.011227828481,11401.11983020012,7954.993274545931,0.0,29201.596356783914,19149.46161601613,0.0,0.0,0.0,9908.42142857143,20317.810623112815,103538.41
2018-08-13,5548.665059411055,11384.921770770163,7857.710357988942,0.0,29053.89761306532,19125.865620048968,0.0,0.0,0.0,9911.737500000001,20218.664177875373,103101.46
2018-08-14,5593.55099018426,11465.91206791995,7878.858818110027,0.0,29244.3512562814,19246.467377214456,0.0,0.0,0.0,9957.057142857144,20415.154405709578,103801.35
2018-08-15,5504.734148441536,11306.245482110367,7603.928836535927,0.0,29104.42613065326,19073.430073455278,0.0,0.0,0.0,9941.582142857143,20164.584298654954,102698.93
2018-08-16,5540.0698811778875,11301.61746513038,7658.914832850748,0.0,29462.012562814063,19146.839838686443,0.0,0.0,0.0,10036.642857142857,20261.928081251714,103408.03
2018-08-17,5578.748183227139,11248.395269860519,7680.063292971831,0.0,29644.69258793969,19186.166498631716,0.0,0.0,0.0,10072.014285714287,20281.7573702992,103691.84
2018-08-20,5618.381505080075,11257.651303820496,7730.819597262434,0.0,29835.146231155773,19154.705170675497,0.0,0.0,0.0,10105.175000000001,20409.746417787534,104111.63
2018-08-21,5640.346960564835,11336.32759248029,7769.944248486441,0.0,30060.58115577889,19175.679389312976,0.0,0.0,0.0,10101.85892857143,20586.40735657425,104671.15
2018-08-22,5614.561425865334,11327.071558520314,7862.9974730192125,0.0,29780.73090452261,19233.358490566035,0.0,0.0,0.0,10112.9125,20613.44729618446,104545.08
2018-08-23,5575.40561391424,11276.163371740446,7823.872821795206,0.0,29687.447487437177,19272.685150511305,0.0,0.0,0.0,10105.175000000001,20580.999368652207,104321.75
2018-08-24,5643.21201997589,11433.515949060034,7884.1459331402975,0.0,29811.82537688442,19471.94022756733,0.0,0.0,0.0,10150.494642857144,20699.975102937136,105095.11
2018-08-27,5723.433683485448,11553.84439053972,7941.775486970253,0.0,30173.298618090445,19652.842863315567,0.0,0.0,0.0,10189.182142857144,20844.1881141916,106078.57
2018-08-28,5703.378267608058,11499.118089751362,7907.40923927349,0.0,30138.317336683413,19686.925968601467,0.0,0.0,0.0,10200.235714285714,20885.649354927256,106021.03
2018-08-29,5743.489099362837,11565.414432989688,7954.993274545931,0.0,30165.524999999994,19859.96327236065,0.0,0.0,0.0,10266.557142857142,21121.798160856433,106677.74
2018-08-30,5679.502772515928,11493.680169799876,7930.672545406684,0.0,29943.976884422107,19802.28417110759,0.0,0.0,0.0,10256.60892857143,20997.414438649463,106104.14
2018-08-31,5663.2674358532795,11382.607762280168,7870.399434061593,0.0,29955.63731155778,19812.771280426325,0.0,0.0,0.0,10253.292857142858,21080.336920120775,106018.31
2018-09-04,5622.201584294815,11243.767252880532,7854.538088970779,0.0,29959.524120603008,19755.092179173265,0.0,0.0,0.0,10180.339285714286,21132.61413670052,105748.08
2018-09-05,5656.582297227483,11088.728684050939,7845.021281916291,0.0,30146.090954773863,19492.914446204806,0.0,0.0,0.0,10210.18392857143,20901.873318693382,105341.39
2018-09-06,5668.042534871705,11016.994420861125,7699.096907080809,0.0,30247.14798994974,19353.960247731524,0.0,0.0,0.0,10214.605357142857,20836.977463628875,105036.82
2018-09-07,5634.616841742723,11033.192480291083,7698.039484074754,0.0,30161.638190954767,19291.037591819095,0.0,0.0,0.0,10230.080357142857,20835.174800988192,104883.78
2018-09-10,5639.391940761149,11053.50947483323,7695.9246380626455,0.0,30317.110552763814,19351.338470401843,0.0,0.0,0.0,10198.025000000001,20912.689294537468,105167.99
2018-09-11,5650.852178405372,11169.718981200727,7768.8868254803865,0.0,30297.676507537682,19513.888664842285,0.0,0.0,0.0,10194.70892857143,21080.336920120775,105676.07
2018-09-12,5653.717237816428,11135.008853850815,7808.011476704393,0.0,30402.62035175879,19437.85712228143,0.0,0.0,0.0,10247.766071428572,21121.798160856433,105806.78
2018-09-13,5675.682693301187,11209.057125530622,7810.126322716502,0.0,30561.97952261306,19655.464640645252,0.0,0.0,0.0,10368.25,21143.430112544604,106423.99
2018-09-14,5673.772653693816,11195.173074590659,7852.423242958671,0.0,30729.112311557783,19644.977531326516,0.0,0.0,0.0,10337.3,21078.534257480096,106511.29
2018-09-17,5692.873049767521,11091.042692540932,7864.054896025267,0.0,30740.772738693464,19401.152239665847,0.0,0.0,0.0,10301.928571428572,20815.345511940704,105907.17
2018-09-18,5699.558188393317,11158.148938750755,7919.040892340086,0.0,31020.622989949745,19516.51044217197,0.0,0.0,0.0,10358.301785714286,21082.139582761458,106754.32
2018-09-19,5762.589495436541,11192.859066100664,7943.361621479335,0.0,31001.188944723614,19477.1837822267,0.0,0.0,0.0,10346.142857142857,21089.35023332418,106812.68
2018-09-20,5821.800723265024,11313.18750758035,7942.30419847328,0.0,31040.057035175872,19700.03485524989,0.0,0.0,0.0,10442.308928571429,21228.1552566566,107487.85
2018-09-21,5781.689891510245,11209.057125530622,7941.246775467225,0.0,30977.868090452255,19579.433098084402,0.0,0.0,0.0,10419.096428571429,21085.74490804282,106994.14
2018-09-24,5701.468228000688,11239.139235900544,8059.678152145299,0.0,30569.753140703513,19647.599308656198,0.0,0.0,0.0,10436.782142857144,20939.72923414768,106594.15
2018-09-25,5673.772653693816,11235.668223165552,8107.2621874177385,0.0,30476.469723618084,19634.490422007777,0.0,0.0,0.0,10408.042857142857,21022.651715618995,106558.36
2018-09-26,5615.516445669019,11287.733414190418,8029.012884969727,0.0,30437.601633165825,19561.08065677661,0.0,0.0,0.0,10431.255357142858,21073.126269558055,106435.33
2018-09-27,5565.855415877389,11380.293753790174,8031.127730981835,0.0,30484.24334170854,19665.95174996399,0.0,0.0,0.0,10480.996428571429,21145.232775185283,106753.7
2018-09-28,0.0,10232.941123587369,4392.406973326715,0.0,30924.863120245936,24506.95642763045,0.0,0.0,0.0,17443.481064274805,19222.45017860246,106723.1
2018-10-01,0.0,10193.246170270064,4458.2292853774925,0.0,31207.953057586798,24624.090048367936,0.0,0.0,0.0,17538.85074310377,19186.36092242143,107208.73
2018-10-02,0.0,10201.60300254739,4460.838980568933,0.0,31264.17649461965,24620.836336680783,0.0,0.0,0.0,17520.510420252045,18910.77023885724,106978.74
2018-10-03,0.0,10247.56558007269,4498.534577778628,0.0,31402.269146981045,24702.17912885959,0.0,0.0,0.0,17480.161709978252,18846.793830172694,107177.5
2018-10-04,0.0,10084.607350664808,4475.3372871880465,0.0,31307.577042504658,24266.18176278119,0.0,0.0,0.0,17318.76686888308,18561.360622195498,106013.83
2018-10-05,0.0,9984.325363336879,4474.177422658518,0.0,31157.647877083717,23963.586575876037,0.0,0.0,0.0,17304.0946106017,18417.003597471394,105300.84
2018-10-08,0.0,9957.165658435564,4472.1476597318415,0.0,31220.77594673464,23683.767370780948,0.0,0.0,0.0,17278.418158609285,18459.654536594426,105071.93
2018-10-09,0.0,9955.076450366234,4515.352613456801,0.0,30747.31542435272,23768.363874646904,0.0,0.0,0.0,17318.76686888308,18405.520652322888,104710.4
2018-10-10,0.0,9560.216125262516,4354.71137611702,0.0,29701.756770759304,22652.340765953697,0.0,0.0,0.0,16915.27976614515,17785.441614303454,100969.75
2018-10-11,0.0,9481.975283066038,4219.007226162114,0.0,29007.34800459915,22346.49186736139,0.0,0.0,0.0,16451.26959799653,17477.042516029236,98983.13
2018-10-12,0.0,9683.479401353094,4231.18580372217,0.0,29157.277170020097,23046.039880099113,0.0,0.0,0.0,16704.36605335032,17803.486242393963,100625.83
2018-10-15,0.0,9652.141280313117,4196.969800101062,0.0,29224.350744024196,22668.609324389457,0.0,0.0,0.0,16574.149761103083,17755.914041064432,100072.13
2018-10-16,0.0,9902.846248632937,4234.085465045993,0.0,29705.70227511249,23345.381355317117,0.0,0.0,0.0,17052.83218753308,18116.806602874683,102357.65
2018-10-17,0.0,9946.719618088906,4204.508919543001,0.0,29512.372561806536,23251.0237163897,0.0,0.0,0.0,17135.363640365842,17969.16873667958,102019.16
2018-10-18,0.0,9758.69089184904,4185.371154805771,0.0,28987.620482833237,22788.99665681409,0.0,0.0,0.0,16946.45831499308,17618.118699282335,100285.26
2018-10-19,0.0,9758.69089184904,4147.095625331311,0.0,28873.200856590942,22777.608665909054,0.0,0.0,0.0,16775.893312472046,17445.874522054713,99778.36
2018-10-22,0.0,9750.334059571713,4102.4408409444395,0.0,28774.563247761376,22967.95079960746,0.0,0.0,0.0,16645.677020224804,17514.772192945762,99755.74
2018-10-23,0.0,9735.70960308639,3992.833642903939,0.0,28305.04822973263,22880.100584054348,0.0,0.0,0.0,16555.809438251355,17518.053034416767,98987.55
2018-10-24,0.0,9278.173035902715,3840.3114572708623,0.0,27342.345167556054,21864.94253766286,0.0,0.0,0.0,16014.769914125494,16994.758819791896,95335.3
2018-10-25,0.0,9570.662165609176,3885.5461739224975,0.0,27539.62038521519,22603.535090646412,0.0,0.0,0.0,16214.679433209289,17504.929668532754,97318.97
2018-10-26,0.0,9322.046405358684,3855.9696284195047,0.0,27271.32608919877,22154.522877819407,0.0,0.0,0.0,16034.944269262394,16965.231246552878,95604.04
2018-10-29,0.0,9175.801840505457,3783.478095323936,0.0,26809.70207987639,21786.853457171204,0.0,0.0,0.0,16075.292979536187,16827.43590477078,94458.56
2018-10-30,0.0,9428.59601689461,3870.4679350386186,0.0,27358.127184968787,22024.37441033332,0.0,0.0,0.0,16245.85798205722,17066.93733215395,95994.36
2018-10-31,0.0,9627.070783481135,3894.245157893966,0.0,27575.129924393834,22548.221991964823,0.0,0.0,0.0,16273.368466334807,17293.31539365311,97211.35
2018-11-01,0.0,9673.033361006434,3926.72136472078,0.0,28056.48145548212,22811.772638624152,0.0,0.0,0.0,16484.282179129634,17631.242065166345,98583.53
2018-11-02,0.0,9574.840581747838,3921.5019743379,0.0,27989.407881478015,22366.0141374843,0.0,0.0,0.0,16376.074274304461,17714.9035226769,97942.74
2018-11-05,0.0,9541.41325263853,3986.454387991529,0.0,28131.446038192593,22339.984443987083,0.0,0.0,0.0,16515.460727977563,17723.10562635441,98237.86
2018-11-06,0.0,9597.821870510488,4000.372762345879,0.0,28443.140882094027,22489.655181596085,0.0,0.0,0.0,16599.826213095497,17813.32876680697,98944.15
2018-11-07,0.0,9764.958516057037,4064.7452437347442,0.0,28916.60140447595,23130.636383965073,0.0,0.0,0.0,17085.844768666182,18292.331621573307,101255.12
2018-11-08,0.0,9677.2117771451,3976.595539490532,0.0,28869.255352237757,23114.367825529313,0.0,0.0,0.0,17102.351059232737,18300.533725250814,101040.32
2018-11-09,0.0,9482.727397970997,3972.53601363718,0.0,28577.28803010224,22723.922423071046,0.0,0.0,0.0,17047.330090677562,18046.268511248134,99850.07
2018-11-12,0.0,9340.849277982672,3888.44583524632,0.0,28013.080907597112,21933.270483093056,0.0,0.0,0.0,16816.24202274584,17683.735528702382,97675.62
2018-11-13,0.0,9311.600365012026,3796.816537413521,0.0,28139.337046898956,21952.79275321597,0.0,0.0,0.0,16700.69798877998,17678.814266495876,97580.06
2018-11-14,0.0,9351.29531832933,3792.4670454277866,0.0,28040.69943806939,21682.734683182338,0.0,0.0,0.0,16563.145567392046,17547.580607655786,96977.92
2018-11-15,0.0,9418.14997654795,3854.8097638899762,0.0,28407.63134291538,22229.358246623906,0.0,0.0,0.0,16722.706376202048,17521.33387588777,98153.99
2018-11-16,0.0,9378.455023230645,3898.3046837473175,0.0,28403.685838562196,22196.821129752385,0.0,0.0,0.0,16882.267185012046,17449.15536352572,98208.69
2018-11-19,0.0,9094.322725801514,3894.82509015873,0.0,27957.843846652555,21354.10980277996,0.0,0.0,0.0,16665.8513753617,17024.286393030918,95991.24
2018-11-20,0.0,8971.059449710934,3766.6600596457642,0.0,27373.909202381514,20888.829031517198,0.0,0.0,0.0,16500.788469696185,16635.506678717145,94136.75
2018-11-21,0.0,9075.519853177528,3827.5529474460423,0.0,27567.23891568747,21035.24605743905,0.0,0.0,0.0,16420.0910491486,16801.189173002764,94726.84
2018-11-23,0.0,8975.2378658496,3703.447442786428,0.0,27500.165341683365,20849.78449127137,0.0,0.0,0.0,16440.265404285496,16737.212764318218,94206.11
2018-11-26,0.0,9163.266592089465,3765.5001951162353,0.0,27729.00459416796,21318.31897422129,0.0,0.0,0.0,16603.49427766584,17117.790374954482,95697.38
2018-11-27,0.0,9193.560109094777,3752.741685291415,0.0,27665.876524517036,21370.378361215728,0.0,0.0,0.0,16772.2252479017,17162.081734813015,95916.86
2018-11-28,0.0,9386.811855507973,3818.2740312098094,0.0,28328.721255851728,22105.71720251212,0.0,0.0,0.0,17179.380415209976,17667.33132134737,98486.24
2018-11-29,0.0,9418.14997654795,3841.4713218003913,0.0,28336.61226455809,21894.22594284723,0.0,0.0,0.0,17232.567351479975,17588.591126043313,98311.62
2018-11-30,0.0,9407.703936201291,3830.4526087698646,0.0,28620.68857798725,22112.224625886425,0.0,0.0,0.0,17408.634450856527,17701.780156792895,99081.48
2018-12-03,0.0,9413.971560409287,3919.1822452788415,0.0,28963.94745671414,22590.520243897805,0.0,0.0,0.0,17498.502032829976,18046.268511248134,100432.39
2018-12-04,0.0,9138.196095257483,3805.5155213849894,0.0,27721.113585461597,21728.286646802466,0.0,0.0,0.0,17100.517026947564,17395.02147925418,96888.65
2018-12-06,0.0,9238.47808258541,3739.4032432018307,0.0,27563.293411334285,21780.3460337969,0.0,0.0,0.0,17041.827993822048,17472.121253822734,96835.47
2018-12-07,0.0,9067.1630209002,3716.785884876013,0.0,26845.211619055037,21005.96265225468,0.0,0.0,0.0,16616.332503662044,16957.029142875374,94208.48
2018-12-10,0.0,9136.10688718815,3657.0528616052643,0.0,26912.28519305914,21305.304127472682,0.0,0.0,0.0,16671.35347221722,16968.51208802388,94650.61
2018-12-11,0.0,9146.55292753481,3659.372590664322,0.0,26754.465018931834,21331.3338209699,0.0,0.0,0.0,16724.540408487217,16976.714191701383,94592.98
2018-12-12,0.0,9244.745706793406,3672.1368998117896,0.0,26900.448679999598,21500.52682870181,0.0,0.0,0.0,16867.594926730668,17152.23921040001,95337.69
2018-12-13,0.0,9202.96154540677,3685.4695425787268,0.0,26833.37510599549,21536.317657260486,0.0,0.0,0.0,16878.5991204417,17073.499015095953,95210.22
2018-12-14,0.0,9106.857974217506,3601.379364187867,0.0,26458.552192443134,21009.216363941825,0.0,0.0,0.0,16322.887338034461,16786.425386383253,93285.32
2018-12-17,0.0,8927.186080254965,3533.5272892104144,0.0,26008.764696180308,20547.189304366213,0.0,0.0,0.0,15978.089268422049,16343.511787797941,91338.27
2018-12-18,0.0,8973.148657780268,3452.3367721433774,0.0,26154.748357248067,20726.143447159586,0.0,0.0,0.0,15851.541040745153,16494.430495464047,91652.35
2018-12-19,0.0,8778.852307332407,3409.4217845508,0.0,25659.587560923635,20322.683197952712,0.0,0.0,0.0,15647.963457091013,16156.50382395081,89975.01
2018-12-20,0.0,8628.429326340512,3315.472757658943,0.0,25192.04529507149,19951.76006561736,0.0,0.0,0.0,15449.887970292391,15795.61126214056,88333.21
2018-12-21,0.0,8317.13732401007,3251.9701746672245,0.0,24556.819094209077,19258.719476253937,0.0,0.0,0.0,15161.944901520324,15383.86565752977,85930.46
2018-12-24,0.0,8147.91147039419,3122.3553134923472,0.0,23803.22776275118,18741.379317996736,0.0,0.0,0.0,14800.64054134136,15091.870766610566,83707.39
2018-12-26,0.0,8601.2696214392,3317.212554453237,0.0,24931.64200776143,19876.92469681286,0.0,0.0,0.0,15459.058131718257,15982.619225987692,88168.73
2018-12-27,0.0,8634.696950548509,3337.510183719996,0.0,25231.500338603317,20010.3268759861,0.0,0.0,0.0,15622.2870050986,16040.033951730231,88876.36
2018-12-28,0.0,8603.35882950853,3306.7737736874747,0.0,25159.88943459305,19961.521200678817,0.0,0.0,0.0,15635.125231094806,16064.312178615646,88730.98
2018-12-31,0.0,3202.9035867243338,5587.5269698850825,0.0,25528.239398684273,26199.66935990083,0.0,0.0,0.0,9129.932633880162,19460.063031214304,89108.33
2019-01-02,0.0,3260.6416781780736,5724.554127848971,0.0,25747.451446604275,26342.12035866097,0.0,0.0,0.0,9049.215375214548,19693.243602473387,89817.23
2019-01-03,0.0,3213.0467649526936,5677.063263081128,0.0,25047.96573005953,25083.115547582624,0.0,0.0,0.0,8880.279688393,19315.763035387674,87217.23
2019-01-04,0.0,3347.2488153586824,5868.045292978621,0.0,25972.642004922105,26135.866284911215,0.0,0.0,0.0,9128.902019941692,19932.412791556806,90385.12
2019-01-07,0.0,3387.821528272121,5952.762962651099,0.0,26177.9041952472,26397.458892368624,0.0,0.0,0.0,9172.51717682235,20399.84121249912,91488.31
2019-01-08,0.0,3443.6090085280994,5999.7739238566355,0.0,26536.614819116297,26603.755501501702,0.0,0.0,0.0,9245.38264476085,20599.461806643612,92428.6
2019-01-09,0.0,3445.5596197258606,6085.960686066786,0.0,26702.02027345594,26935.531491447684,0.0,0.0,0.0,9271.27549185419,20695.319220663492,93135.67
2019-01-10,0.0,3453.752186756459,6109.466166669555,0.0,27098.594796511217,27061.010872260584,0.0,0.0,0.0,9297.83770676324,20649.861065561283,93670.52
2019-01-11,0.0,3434.6361970183966,6069.310970639825,0.0,27044.788202930857,27014.221950601535,0.0,0.0,0.0,9322.274944479563,20660.73149395529,93545.96
2019-01-14,0.0,3425.2732632691414,6063.434600489133,0.0,27054.752386927215,26793.037957304216,0.0,0.0,0.0,9234.619635279705,20560.921196883042,93132.04
2019-01-15,0.0,3477.5496433691487,6073.228550740287,0.0,26947.13919976649,27158.842253911323,0.0,0.0,0.0,9379.819326858526,20723.97762279315,93760.56
2019-01-16,0.0,3464.2854872243706,6075.677038303075,0.0,26998.95295654758,27197.12409890509,0.0,0.0,0.0,9372.211908508572,20674.566584638575,93782.82
2019-01-17,0.0,3477.9397656087012,6131.992252247208,0.0,27435.384215588318,27367.26563221072,0.0,0.0,0.0,9461.460950602976,20807.976387655934,94682.02
2019-01-18,0.0,3505.638444616914,6248.5402602359345,0.0,27935.586252205787,27754.33762048103,0.0,0.0,0.0,9557.08492427555,21096.536850478667,96097.72
2019-01-22,0.0,3423.7127743109327,6101.631006468632,0.0,27299.87131323777,27218.391790568294,0.0,0.0,0.0,9475.273302355681,20738.800934239523,94257.68
2019-01-23,0.0,3415.9103295198865,6052.171557700307,0.0,27405.49166359923,27392.786862206565,0.0,0.0,0.0,9509.272937439262,20813.905712234482,94589.54
2019-01-24,0.0,3437.757174934815,6085.960686066786,0.0,27586.83981233305,27671.393622994536,0.0,0.0,0.0,9439.148690079375,20930.515762279287,95151.62
2019-01-25,0.0,3479.1101323273583,6158.435917925322,0.0,27927.614905008693,28032.944381269,0.0,0.0,0.0,9442.336155868461,21140.018564054695,96180.46
2019-01-28,0.0,3448.2904754027268,6097.71342636817,0.0,27650.61058990978,27658.633007996614,0.0,0.0,0.0,9333.962319039543,21011.549864852794,95200.76
2019-01-29,0.0,3406.937518010184,6122.188508045803,0.0,28025.26390817306,27382.153016374963,0.0,0.0,0.0,9380.711817279469,20885.057607177074,95202.31
2019-01-30,0.0,3454.922553475116,6206.426274155974,0.0,28473.652188009437,28220.100067905194,0.0,0.0,0.0,9507.41358239563,21294.18100309698,97156.7
2019-01-31,0.0,3599.267782109465,6242.663890085243,0.0,28617.136437557074,28196.705607075673,0.0,0.0,0.0,9650.583920755398,21512.577791740216,97818.94
2019-02-01,0.0,3586.3937482042393,6349.417947822815,0.0,28662.97168394035,28351.959756217057,0.0,0.0,0.0,9644.198364291264,21182.512056867636,97777.45
2019-02-04,0.0,3615.6529161706612,6369.005848325123,0.0,29011.718123813087,28784.757281563256,0.0,0.0,0.0,9606.490644006379,21310.012299721708,98697.64
2019-02-05,0.0,3657.7861180423088,6370.964638375353,0.0,29270.786907718546,29053.79358110279,0.0,0.0,0.0,9604.896911111837,21513.566012503306,99471.79
2019-02-06,0.0,3579.76167013185,6330.809442345624,0.0,29266.801234120005,29149.498193587202,0.0,0.0,0.0,9638.896546195418,21430.555468403618,99396.32
2019-02-07,0.0,3536.8482237810977,6191.735348779244,0.0,29057.55337019636,28715.637283657845,0.0,0.0,0.0,9530.522709366502,21239.828861126945,98272.13
2019-02-08,0.0,3562.206169351997,6155.008035337419,0.0,29071.50322779127,28849.62374113603,0.0,0.0,0.0,9542.210083926482,21141.99500558088,98322.55
2019-02-11,0.0,3530.6062679482607,6195.6529288797055,0.0,29282.743928514185,28904.919739460358,0.0,0.0,0.0,9541.14759533012,21215.123342049657,98670.19
2019-02-12,0.0,3570.3987363825945,6269.107555763358,0.0,29733.125045149827,29291.991727730667,0.0,0.0,0.0,9668.646226893552,21534.31864852823,100067.59
2019-02-13,0.0,3573.519714299013,6348.438552797699,0.0,29936.394398675653,29330.273572724436,0.0,0.0,0.0,9692.552220311694,21692.43397062288,100573.61
2019-02-14,0.0,3587.954237162448,6376.351311013488,0.0,29786.931638730195,29394.07664771405,0.0,0.0,0.0,9727.083099693458,21621.282075680287,100493.68
2019-02-15,0.0,3600.0480265885694,6469.148989643167,0.0,30159.592120194207,29591.866180181838,0.0,0.0,0.0,9858.831685642337,21742.833229540553,101422.32
2019-02-19,0.0,3603.949248984092,6493.389016514772,0.0,30143.64942580002,29604.626795179764,0.0,0.0,0.0,9840.238135206002,21839.678864323523,101525.53
2019-02-20,0.0,3593.806070755733,6522.770867268232,0.0,30299.0906961433,29655.669255171455,0.0,0.0,0.0,9830.144493540565,21885.137019425736,101786.62
2019-02-21,0.0,3560.2555581542356,6420.913784656236,0.0,30179.520488186932,29668.429870169377,0.0,0.0,0.0,9744.082917235248,21839.678864323523,101412.88
2019-02-22,0.0,3594.586315234837,6441.481080183658,0.0,30374.818494515664,30042.741243441764,0.0,0.0,0.0,9833.331959329651,21960.241797420695,102247.2
2019-02-25,0.0,3598.48753763036,6451.275030434813,0.0,30494.388702472035,30195.86862341683,0.0,0.0,0.0,9846.081822485994,21885.137019425736,102471.24
2019-02-26,0.0,3598.48753763036,6430.70773490739,0.0,30410.689556902573,30255.4181600738,0.0,0.0,0.0,9813.144675998774,21916.760083844667,102425.21
2019-02-27,0.0,3581.322159090059,6454.213215510159,0.0,30526.2740912604,30221.389853412675,0.0,0.0,0.0,9766.39517775885,21898.972110109018,102448.57
2019-02-28,0.0,3582.1024035691635,6391.5319339027765,0.0,30426.63225129676,30140.572625092504,0.0,0.0,0.0,9737.707985657078,21782.362060064213,102060.91
2019-03-01,0.0,3610.1912048169293,6508.079941891503,0.0,30454.531966486575,30344.742465059262,0.0,0.0,0.0,9875.831503184128,21958.26535589451,102751.64
2019-03-04,0.0,3615.6529161706612,6519.832682192886,0.0,30319.019064136024,30234.150468410597,0.0,0.0,0.0,9743.020428638887,21891.066344004284,102322.74
2019-03-05,0.0,3638.280006064694,6498.285991640349,0.0,30123.721057807295,30136.31908675986,0.0,0.0,0.0,9736.645497060716,21944.43026521123,102077.68
2019-03-06,0.0,3635.9392726273804,6416.01680953066,0.0,29840.738232310563,29983.19170678479,0.0,0.0,0.0,9594.272025148217,21839.678864323523,101309.84
2019-03-07,0.0,3604.729493463197,6377.820403551162,0.0,29665.36859397456,29698.20463849786,0.0,0.0,0.0,9518.83533480652,21576.812141341168,100441.77
2019-03-08,0.0,3603.1690045049877,6257.354815461973,0.0,29601.597816397825,29693.95110016522,0.0,0.0,0.0,9495.460585686558,21426.60258535125,100078.14
2019-03-11,0.0,3665.5885628333544,6355.2943179735075,0.0,29856.680926704743,30336.235388393976,0.0,0.0,0.0,9608.084376900923,21721.092372752537,101542.98
2019-03-12,0.0,3682.753941373656,6395.449514003237,0.0,29605.583489996374,30506.376921699608,0.0,0.0,0.0,9676.083647068084,21778.409177011847,101644.66
2019-03-13,0.0,3694.4576085602243,6462.0483757110815,0.0,29860.666600303288,30706.293223333723,0.0,0.0,0.0,9781.270018107916,21859.443279585354,102364.18
2019-03-14,0.0,3678.072474499028,6468.414443374331,0.0,29765.010433938198,30774.349836655976,0.0,0.0,0.0,9763.207711969764,21792.24426769513,102241.3
2019-03-15,0.0,3668.709540749773,6415.037414505544,0.0,29513.912997229825,31042.322751612348,0.0,0.0,0.0,9773.832597933382,21857.466838059172,102271.28
2019-03-18,0.0,3637.499761585589,6505.141756816157,0.0,29776.96745473383,31174.18243992421,0.0,0.0,0.0,9758.957757584316,22070.92252288695,102923.67
2019-03-19,0.0,3643.7417174184266,6487.51264636408,0.0,29669.3542675731,31250.746129911742,0.0,0.0,0.0,9836.519425118737,22181.603248353204,103069.48
2019-03-20,0.0,3676.511985540819,6544.317557820769,0.0,29466.084914047282,31157.168286593645,0.0,0.0,0.0,9767.457666355212,22215.20275429832,102826.74
2019-03-21,0.0,3724.8871432453034,6590.349124001193,0.0,29749.067739544014,31931.312263134263,0.0,0.0,0.0,9805.707255824242,22517.598307804335,104318.92
2019-03-22,0.0,3664.80831835425,6413.078624455314,0.0,29071.50322779127,31186.94305492213,0.0,0.0,0.0,9628.2716602318,22068.946081360766,102033.55
2019-03-25,0.0,3658.5663625214133,6416.01680953066,0.0,29147.231026163634,31055.08336661027,0.0,0.0,0.0,9622.959217249989,22197.41478056267,102097.27
2019-03-26,0.0,3676.511985540819,6508.079941891503,0.0,29342.52903249237,31225.2248999159,0.0,0.0,0.0,9687.771021628067,22296.236856871827,102736.35
2019-03-27,0.0,3650.763917730367,6462.0483757110815,0.0,29374.414421280733,31050.829828277627,0.0,0.0,0.0,9608.084376900923,22248.80226024343,102394.94
2019-03-28,0.0,3641.4009839811124,6486.043553826406,0.0,29605.583489996374,31174.18243992421,0.0,0.0,0.0,9634.646591809971,22385.176725550067,102927.03
2019-03-29,5198.1356662622475,6756.538814111729,4782.07730255543,0.0,27078.136613109542,43405.88538613064,0.0,0.0,0.0,6715.2442433498045,9818.977383480917,103755.0
2019-04-01,5276.824330159531,6860.574484474442,4846.445856688436,0.0,27637.527680020372,44010.04838542409,0.0,0.0,0.0,6725.4909375630905,9925.921010670345,105282.83
2019-04-02,5293.686186708949,6901.032800726608,4812.4534741687585,0.0,27623.09178151945,44150.82422991964,0.0,0.0,0.0,6710.120896243162,9924.196113457612,105415.41
2019-04-03,5363.943922331524,6924.1518385849895,4765.442732386226,0.0,27543.69433976436,44508.62950134585,0.0,0.0,0.0,6701.338015488917,9995.77934778602,105802.98
2019-04-04,5419.213341021283,6960.275335238709,4805.221052356061,0.0,27716.925121775457,44326.79403553909,0.0,0.0,0.0,6688.163694357549,10075.124619571723,105991.72
2019-04-05,5415.4662617880795,6980.504493364792,4889.117145383349,0.0,27796.322563530543,44526.2264819078,0.0,0.0,0.0,6734.273818317336,10135.496022017367,106477.41
2019-04-08,5418.276571212982,6968.944974435601,4911.537653002711,0.0,27673.617426272685,44696.330627339936,0.0,0.0,0.0,6732.810004858295,10170.85641487839,106572.37
2019-04-09,5378.93223926434,6987.00672276246,4851.508551957323,0.0,27295.07207783219,44491.032520783905,0.0,0.0,0.0,6709.388989513642,10080.299311209921,105793.24
2019-04-10,5377.058699647738,7018.07292988466,4872.482575214146,0.0,27291.066115998183,44807.77817089892,0.0,0.0,0.0,6716.708056808845,10127.73398456007,106210.9
2019-04-11,5372.374850606233,7022.407749483107,4873.205817395415,0.0,27529.25844126344,44737.390248651136,0.0,0.0,0.0,6634.002596373039,10140.670713655567,106309.31
2019-04-12,5444.50612584541,7083.095223861356,4885.500934477001,0.0,27886.546929161323,45054.13589876615,0.0,0.0,0.0,6573.986244552364,10204.491910526676,107132.26
2019-04-15,5418.276571212982,7075.870524530612,4856.932868316847,0.0,27738.578969526847,45030.67325801688,0.0,0.0,0.0,6598.139166626539,10225.190677079469,106943.66
2019-04-16,5442.632586228808,7083.095223861356,4888.39390320208,0.0,27904.59180228748,45259.43400532217,0.0,0.0,0.0,6464.932141853823,10270.038004610518,107313.12
2019-04-17,5409.845642938273,7097.544622522843,4881.884723570653,0.0,27944.290523165026,45517.52305356402,0.0,0.0,0.0,6277.564019096596,10289.011873950578,107417.66
2019-04-18,5415.4662617880795,7101.87944212129,4859.4642159512905,0.0,28261.880290185367,45646.56757768495,0.0,0.0,0.0,6287.078806580363,10285.562079525114,107857.9
2019-04-22,5379.869009072641,7132.223179310415,4957.825152603973,0.0,28175.264899179816,45752.14946105663,0.0,0.0,0.0,6292.202153687005,10248.47678945136,107938.01
2019-04-23,5402.351484471865,7229.034150342383,4957.101910422704,0.0,28424.28414832077,46262.46189735303,0.0,0.0,0.0,6392.473375631302,10370.082042949016,109037.79
2019-04-24,5370.501310989631,7195.800533420961,4867.419879945257,0.0,28334.059782689994,46268.32755754034,0.0,0.0,0.0,6383.690494877057,10379.568977619045,108799.37
2019-04-25,5301.180345175358,7276.717165925293,4852.231794138594,0.0,27767.450766528695,46256.596237165715,0.0,0.0,0.0,6454.685447640537,10324.372266811599,108233.23
2019-04-26,5345.208526165504,7335.237230504319,4794.372419637016,0.0,27973.162320166874,46086.49209173358,0.0,0.0,0.0,6515.433706190731,10403.717538597302,108453.62
2019-04-29,5336.777597890795,7403.871874146386,4787.139997824318,0.0,28045.341812671493,46092.35775192089,0.0,0.0,0.0,6502.991291788884,10369.21959434265,108537.7
2019-04-30,5380.805778880942,7236.258849673127,4784.608650189874,0.0,28175.264899179816,46168.611334355985,0.0,0.0,0.0,6535.927094617303,10350.245725002591,108631.72
2019-05-01,5284.318488625939,7197.24547328711,4682.993123721478,0.0,27973.162320166874,46057.163790797,0.0,0.0,0.0,6519.093239838333,10230.365368717667,107944.34
2019-05-02,5256.215394376909,7169.791615830282,4603.074862691173,0.0,27951.508472415488,45816.67172311709,0.0,0.0,0.0,6549.833322478191,10236.402508962232,107583.5
2019-05-03,5308.674503641765,7234.813909806979,4642.491561570373,0.0,28290.752087187215,46244.864916791084,0.0,0.0,0.0,6598.139166626539,10357.145313853522,108676.88
2019-05-06,5234.669688785986,7230.4790902085315,4642.491561570373,0.0,28027.29693954534,45898.7909657395,0.0,0.0,0.0,6639.125943479681,10294.186565588778,107967.04
2019-05-07,5141.929477764187,7114.8839009166295,4612.1153899570445,0.0,27453.46997413358,44930.95703483253,0.0,0.0,0.0,6510.310359084088,10145.845405293765,105909.51
2019-05-08,5136.308858914381,7096.099682656694,4609.945663413235,0.0,27453.46997413358,44848.83779221012,0.0,0.0,0.0,6519.093239838333,10141.533162261932,105805.29
2019-05-09,5096.9645269657385,7077.31546439676,4612.1153899570445,0.0,27410.16227863081,44549.689122657066,0.0,0.0,0.0,6508.114638895528,10101.86052636908,105356.22
2019-05-10,5163.47518335511,7093.209802924398,4632.366171032596,0.0,27522.040492012977,44678.73364677799,0.0,0.0,0.0,6505.918918706966,10114.797255464577,105710.54
2019-05-13,5050.126036550689,6876.468823002079,4556.4257419992755,0.0,26738.89299833781,43001.15483320592,0.0,0.0,0.0,6389.54574871322,9820.70228069365,102433.32
2019-05-14,5091.343908115933,6915.482199388096,4612.1153899570445,0.0,27027.610968356305,43705.03405568371,0.0,0.0,0.0,6417.358204434996,9908.672038543018,103677.62
2019-05-15,5080.1026704163205,7068.645825199868,4633.812655395135,0.0,27063.700714608614,44162.55555029428,0.0,0.0,0.0,6434.923965943486,9979.392824265058,104423.13
2019-05-16,5149.423636230595,7130.778239444266,4659.1261317395765,0.0,27303.69752718649,44602.4800643429,0.0,0.0,0.0,6485.425530280394,10069.949927933525,105400.88
2019-05-17,5120.383772173263,7081.650283995206,4611.392147775774,0.0,27005.957120604915,44221.21215216743,0.0,0.0,0.0,6472.983115878547,9997.504244998752,104511.08
2019-05-20,5046.3789573174845,6963.309708957621,4615.008358682123,0.0,26930.168653475062,43452.810667629165,0.0,0.0,0.0,6470.787395689986,9926.78345927671,103405.25
2019-05-21,5124.1308514064685,7039.7470278768915,4667.081795733544,0.0,27254.976369745866,43986.58574467482,0.0,0.0,0.0,6526.412307133538,9994.054450573287,104592.99
2019-05-22,5089.470368499331,7033.967268412297,4591.864608881492,0.0,27027.610968356305,43734.36235662028,0.0,0.0,0.0,6566.667177257161,9892.285515022057,103936.23
2019-05-23,5011.718474410348,6935.711357514179,4445.769688265007,0.0,26623.40581033041,42983.55785264397,0.0,0.0,0.0,6543.246161912508,9773.2676073435,102316.68
2019-05-24,5039.821568659378,6934.266417648031,4454.448594440244,0.0,26641.450683456565,43007.020493393225,0.0,0.0,0.0,6556.420483043875,9785.341887832628,102418.77
2019-05-28,4992.046308436027,6964.610154837155,4406.714610476442,0.0,26377.99553581469,42854.51332852304,0.0,0.0,0.0,6461.272608206221,9722.383139567886,101779.54
2019-05-29,4988.299229202823,6898.142920994311,4379.231407588192,0.0,26258.899373182063,42602.289940468494,0.0,0.0,0.0,6399.792442926506,9637.000727537616,101163.66
2019-05-30,4999.540466902435,6911.14737978965,4326.073107264868,0.0,26379.800023127307,42866.24464889767,0.0,0.0,0.0,6434.923965943486,9694.784784164161,101612.51
2019-05-31,4942.397508596074,6805.666769560788,4255.556994591069,0.0,26002.662174790647,42168.23108660719,0.0,0.0,0.0,6383.690494877057,9568.004839028308,100126.21
2019-06-03,5097.90129677404,6590.370729504619,4311.246642548838,0.0,26179.501931426978,41429.15790300551,0.0,0.0,0.0,6403.451976574108,9486.934670029872,99498.57
2019-06-04,5246.8476962938985,6729.084956654903,4382.847618494541,0.0,26807.4635162172,42789.99106646258,0.0,0.0,0.0,6512.50607927265,9745.669251939777,102214.41
2019-06-05,5289.002337667444,6736.309655985647,4335.836876712009,0.0,27092.572511610462,43382.42274538138,0.0,0.0,0.0,6557.152389773395,9793.103925289926,103186.4
2019-06-06,5348.018835590407,6760.873633710176,4413.22379010787,0.0,27107.00841011139,43869.27254092853,0.0,0.0,0.0,6580.573405118048,9841.401047246442,103920.37
2019-06-07,5389.236707155651,6869.244123671335,4431.304844639613,0.0,27327.155862250493,44693.397797246274,0.0,0.0,0.0,6660.351238635773,9983.70506729689,105354.4
2019-06-10,5397.66763543036,6870.024391199056,4445.769688265007,0.0,27363.2456085028,45124.52382101393,0.0,0.0,0.0,6680.478673697586,10069.949927933525,105951.66
2019-06-11,5394.857326005457,6893.8081013958645,4453.002110077705,0.0,27125.053283237543,45147.98646176318,0.0,0.0,0.0,6665.474585742416,10107.035218007279,105787.22
2019-06-12,5412.655952363176,6862.0772219352375,4389.356798125968,0.0,27179.187902616013,44895.763073708644,0.0,0.0,0.0,6699.874202029876,10100.998077762715,105539.91
2019-06-13,5444.50612584541,6940.046177112626,4444.323203902468,0.0,27327.155862250493,45024.807597829575,0.0,0.0,0.0,6693.287041464192,10194.14252725028,106068.27
2019-06-14,5420.150110829584,6953.0506359079645,4411.7773057453305,0.0,27218.886623493556,44625.94270509215,0.0,0.0,0.0,6679.380813603305,10218.291088228538,105527.48
2019-06-17,5370.501310989631,7033.967268412297,4450.109141352626,0.0,27125.053283237543,44696.330627339936,0.0,0.0,0.0,6709.388989513642,10220.01598544127,105605.37
2019-06-18,5411.719182554875,7070.0907650660165,4512.307968941822,0.0,27644.745629270834,45464.7321118782,0.0,0.0,0.0,6765.745807686713,10299.361257226976,107168.7
2019-06-19,5385.489627922447,7081.650283995206,4503.629062766586,0.0,27630.30973076991,45646.56757768495,0.0,0.0,0.0,6828.689786425469,10320.060023779768,107396.4
2019-06-20,5451.063514503517,7122.108600247373,4602.713241600538,0.0,28085.040533549036,46291.7901982896,0.0,0.0,0.0,6855.770335417725,10386.468566469977,108794.95
2019-06-21,5403.288254280166,7136.557998908861,4597.65054633165,0.0,27819.780898594545,45933.98492686339,0.0,0.0,0.0,6859.429869065326,10312.29798632247,108062.99
2019-06-24,5424.833959871089,7156.787157034944,4555.702499818006,0.0,27763.841791903465,46021.96982967311,0.0,0.0,0.0,6824.298346048346,10254.513929695926,108001.95
2019-06-25,5425.302344775239,7023.852689349255,4518.0939063919795,0.0,27550.912289014825,45177.31476269976,0.0,0.0,0.0,6796.48589032657,10154.469891357427,106646.43
2019-06-26,5414.529491979778,6997.8437717585775,4589.694882337682,0.0,27612.264857643757,45664.1645582469,0.0,0.0,0.0,6710.852802972682,10187.24293839935,107176.59
2019-06-27,5433.264888145798,7042.63690760919,4551.363046730387,0.0,27637.527680020372,45781.4777619932,0.0,0.0,0.0,6753.303393284866,10251.064135270459,107450.64
2019-06-28,4705.676608691047,11281.463875864281,4947.364409908528,0.0,21973.719242594252,54296.2768689553,0.0,0.0,0.0,0.0,10788.476917616825,107992.98
2019-07-01,4740.2594311442535,11370.871941533598,4954.354406720015,0.0,22030.535581941618,55123.370692227916,0.0,0.0,0.0,0.0,10882.604568575898,109102.0
2019-07-02,4736.238172719462,11486.64392400284,4866.591113420224,0.0,21993.604961365832,55276.278794009406,0.0,0.0,0.0,0.0,10910.661849150238,109270.02
2019-07-03,4758.757219898295,11547.395558367889,4895.133600400466,0.0,22107.237640060564,55665.499416725936,0.0,0.0,0.0,0.0,10998.45398514091,109972.48
2019-07-05,4735.433921034504,11556.565616385255,4901.541097477663,0.0,22003.54782075162,55575.14462930959,0.0,0.0,0.0,0.0,11014.745309345366,109786.98
2019-07-08,4684.363939039652,11455.694978194231,4905.424429039601,0.0,21837.360028160572,55158.122533541886,0.0,0.0,0.0,0.0,11029.226486415993,109070.19
2019-07-09,4637.315215469591,11529.055442333158,4909.307760601539,0.0,21794.747773650048,55331.88174011176,0.0,0.0,0.0,0.0,11044.612737053534,109246.92
2019-07-10,4628.4684469350495,11656.289997324107,4978.431062404027,0.0,21729.40898340057,55776.70530893065,0.0,0.0,0.0,0.0,11074.4801647617,109843.78
2019-07-11,4648.574739059007,11659.72876908062,4986.1977255279035,0.0,21885.653916605836,55971.315620288915,0.0,0.0,0.0,0.0,11105.252666036782,110256.72
2019-07-12,4694.417085101631,11744.551805741254,5004.837717025203,0.0,22266.323390233192,56402.23845258221,0.0,0.0,0.0,0.0,11229.247744704022,111341.62
2019-07-15,4700.046846896339,11751.429349254278,4959.791070906727,0.0,22181.098881212143,56582.94802741488,0.0,0.0,0.0,0.0,11266.355760947505,111441.67
2019-07-16,4708.89361543088,11727.357946958693,4906.201095351988,0.0,22320.29891261319,56061.67040770525,0.0,0.0,0.0,0.0,11250.969510309962,110975.39
2019-07-17,4667.876779498007,11613.87847899379,4849.5044545476985,0.0,21834.519211193205,55901.81193766097,0.0,0.0,0.0,0.0,11148.696197248662,110016.29
2019-07-18,4686.3745682520475,11513.007840802768,4850.281120860087,0.0,21888.494733573203,56339.68513821706,0.0,0.0,0.0,0.0,11131.499799477293,110409.34
2019-07-19,4700.046846896339,11366.286912524914,4875.911109168875,0.0,22002.12741226794,56054.72003944246,0.0,0.0,0.0,0.0,11054.568546289589,110053.66
2019-07-22,4687.983071621964,11409.844688107403,4897.657765915726,0.0,22024.853948006883,56728.90576093359,0.0,0.0,0.0,0.0,11062.714208391817,110811.96
2019-07-23,4780.472015392169,11453.40246368989,4910.084426913926,0.0,22297.572376874243,57048.622701022156,0.0,0.0,0.0,0.0,11131.499799477293,111621.65
2019-07-24,4778.8635120222525,11558.858130889597,4931.831083660777,0.0,22385.637702862663,57528.19811115501,0.0,0.0,0.0,0.0,11193.044802027456,112376.43
2019-07-25,4745.084941254004,11522.177898820133,4875.134442856488,0.0,22348.707082286877,57097.27527886172,0.0,0.0,0.0,0.0,11135.12009374495,111723.5
2019-07-26,4749.106199678795,11851.153730193131,4847.951121922924,0.0,22306.09482777635,57396.14111416191,0.0,0.0,0.0,0.0,11180.373772090657,112330.82
2019-07-29,4733.02116597963,11794.987124836767,4829.311130425624,0.0,22266.323390233192,57368.33964111073,0.0,0.0,0.0,0.0,11127.879505209638,112119.86
2019-07-30,4764.386981693004,11733.089233219547,4886.7844375423,0.0,22354.388716221612,56986.06938665699,0.0,0.0,0.0,0.0,11052.758399155762,111777.48
2019-07-31,4692.004330046756,11641.38865304589,4861.9311155459,0.0,22107.237640060564,56138.124458595994,0.0,0.0,0.0,0.0,10925.143026220863,110365.83
2019-08-01,4666.26827612809,11584.075790437353,4754.751164436421,0.0,21681.115094955312,55853.159359821395,0.0,0.0,0.0,0.0,10777.616034813855,109316.99
2019-08-02,4609.970658181009,11476.327608733305,4692.6178594454195,0.0,21541.91506355426,54907.909276081264,0.0,0.0,0.0,0.0,10691.63404595701,107920.37
2019-08-05,4525.524231260387,11109.525288038672,4551.26459059089,0.0,20942.50268343954,52649.03959067286,0.0,0.0,0.0,0.0,10404.72572524522,104182.58
2019-08-06,4530.349741370136,11265.416274333891,4546.604592716565,0.0,21260.674183784795,53524.785991785044,0.0,0.0,0.0,0.0,10560.398378754457,105688.23
2019-08-07,4591.472869426968,11272.293817846916,4510.877942346739,0.0,21235.10683107848,53872.3044049248,0.0,0.0,0.0,0.0,10596.601321431022,106078.66
2019-08-08,4678.3320514024645,11501.545268281061,4642.134549140231,0.0,21607.253853803737,55178.97363833027,0.0,0.0,0.0,0.0,10805.673315388194,108413.91
2019-08-09,4643.7492289492575,11377.749485046623,4586.991240960716,0.0,21425.44156789216,54539.53975815312,0.0,0.0,0.0,0.0,10707.02029659455,107280.49
2019-08-12,4568.953822248135,11253.953701812185,4536.507930655526,0.0,21127.155786318483,53830.60219534803,0.0,0.0,0.0,0.0,10550.4425695184,105867.62
2019-08-13,4620.4259300854665,11421.30726062911,4580.777910461616,0.0,21379.98849641427,55185.92400659307,0.0,0.0,0.0,0.0,10725.121767932835,107913.55
2019-08-14,4474.0521234230555,11013.239678856331,4392.824662863835,0.0,20729.441410886913,53496.98451873386,0.0,0.0,0.0,0.0,10387.52932747385,104494.07
2019-08-15,4474.856375108014,11031.579794891062,4370.301339804597,0.0,20706.714875147965,53399.679363054725,0.0,0.0,0.0,0.0,10372.14307683631,104355.27
2019-08-16,4554.477291918885,11171.42317965589,4430.881312170824,0.0,21107.270067546902,54393.58202463443,0.0,0.0,0.0,0.0,10489.802640535152,106147.44
2019-08-19,4587.451611002176,11347.946796490183,4528.741267531652,0.0,21314.649706164793,55241.52695269543,0.0,0.0,0.0,0.0,10621.038307737705,107641.35
2019-08-20,4535.979503164845,11274.586332351257,4486.0246203503375,0.0,21175.449674763746,54963.51222218362,0.0,0.0,0.0,0.0,10623.753528438447,107059.31
2019-08-21,4558.498550343677,11318.144107933744,4517.867939158226,0.0,21314.649706164793,55609.89647062357,0.0,0.0,0.0,0.0,10823.774786726479,108142.83
2019-08-22,4528.74123800022,11283.756390368622,4496.897948723763,0.0,21343.057875838476,55463.93873710487,0.0,0.0,0.0,0.0,10830.110301694876,107946.5
2019-08-23,4419.36300884589,10981.14447579555,4346.224684120583,0.0,20772.053665397438,53635.991883989765,0.0,0.0,0.0,0.0,10543.201980983087,104697.98
2019-08-26,4433.035287490181,11148.498034612478,4365.641341930272,0.0,20922.616964667963,54393.58202463443,0.0,0.0,0.0,0.0,10646.380367611302,105909.75
2019-08-27,4435.4480425450565,11166.838150647209,4336.904688371934,0.0,20820.3475538427,54289.3265006925,0.0,0.0,0.0,0.0,10593.88610073028,105642.75
2019-08-28,4472.443620053138,11196.640839203648,4400.59132598771,0.0,21056.135362134275,54344.929446794864,0.0,0.0,0.0,0.0,10726.931915066662,106197.67
2019-08-29,4529.545489685178,11363.994398020573,4464.277963603487,0.0,21433.964018794264,55297.12989879779,0.0,0.0,0.0,0.0,10887.129936410469,107976.04
2019-08-30,4557.694298658719,11352.531825498867,4464.277963603487,0.0,21519.188527815317,55269.32842574661,0.0,0.0,0.0,0.0,10824.67986029339,107987.7
2019-09-03,4525.524231260387,11247.07615829916,4444.861305793799,0.0,21229.425197143744,54609.04344078107,0.0,0.0,0.0,0.0,10780.331255514599,106836.26
2019-09-04,4574.5835840428435,11464.865036211597,4508.547943409576,0.0,21502.143626011104,55540.39278799562,0.0,0.0,0.0,0.0,10882.604568575898,108473.14
2019-09-05,4584.234604262343,11659.614143355402,4564.467917901478,0.0,21888.494733573203,56708.0546561452,0.0,0.0,0.0,0.0,11091.67656253307,110496.54
2019-09-06,4604.3408963863,11636.803624037206,4586.214574648328,0.0,21928.26617111636,56645.50134178004,0.0,0.0,0.0,0.0,11118.828769540494,110519.96
2019-09-09,4581.017597522509,11666.606312593645,4676.307866885281,0.0,21993.604961365832,56235.42961427513,0.0,0.0,0.0,0.0,11162.272300752375,110315.24
2019-09-10,4624.4471885102585,11682.653914124036,4735.334506626733,0.0,22200.984599983723,55964.36525202612,0.0,0.0,0.0,0.0,11120.638916674323,110328.42
2019-09-11,4669.485282867923,11751.429349254278,4737.664505563896,0.0,22411.205055568982,56513.444344786934,0.0,0.0,0.0,0.0,11139.645461579521,111222.87
2019-09-12,4704.872357006088,11778.939523306377,4709.704518317945,0.0,22439.61322524266,56819.260548349914,0.0,0.0,0.0,0.0,11193.044802027456,111645.43
2019-09-13,4757.148716528379,11760.599407271644,4744.654502375383,0.0,22553.245903937397,56416.1391891078,0.0,0.0,0.0,0.0,11169.512889287687,111401.3
2019-09-16,4679.136303087423,11712.456602680475,4906.589428508182,0.0,22519.156100328975,56277.1318238519,0.0,0.0,0.0,0.0,11028.321412849078,111122.79
2019-09-17,4715.327628910547,11726.211689706523,4831.641129362786,0.0,22513.47446639424,56471.74213521016,0.0,0.0,0.0,0.0,11095.296856800727,111353.69
2019-09-18,4718.54463565038,11714.749117184816,4811.44780524071,0.0,22476.543845818454,56499.543608261345,0.0,0.0,0.0,0.0,11090.771488966157,111311.6
2019-09-19,4724.9786491300465,11719.334146193498,4792.8078137434095,0.0,22365.751984091086,56610.74950046607,0.0,0.0,0.0,0.0,11059.09391412416,111272.72
2019-09-20,4692.808581731714,11616.170993498134,4755.527830748809,0.0,22098.71518915846,55790.60604545624,0.0,0.0,0.0,0.0,10895.275598512697,109849.1
2019-09-23,4682.353309827256,11574.905732419988,4761.741161247909,0.0,22064.62538555004,55964.36525202612,0.0,0.0,0.0,0.0,10935.09883545692,109983.09
2019-09-24,4639.7279705244655,11402.967144594379,4684.851196321544,0.0,21933.947805051095,55422.2365275281,0.0,0.0,0.0,0.0,10817.439271758078,108901.17
2019-09-25,4664.659772758174,11533.640471341841,4693.394525757807,0.0,22081.670287354253,56068.62077596805,0.0,0.0,0.0,0.0,10916.997364118637,109958.98
2019-09-26,4655.813004223632,11422.45351788128,4632.037887079193,0.0,22107.237640060564,56124.223722070405,0.0,0.0,0.0,0.0,10868.12339150527,109809.89
2019-09-27,4642.944977264299,11302.096506403353,4631.261220766805,0.0,22019.172314072148,55387.48468621413,0.0,0.0,0.0,0.0,10830.110301694876,108813.07
2019-09-30,0.0,8174.206747926899,0.0,4123.262733572241,16731.483560073,58236.07310958033,0.0,0.0,4829.137262662657,0.0,17479.653582524003,109573.82
2019-10-01,0.0,8090.0216622757935,0.0,4034.9701696841844,16332.858388326249,57729.79825641706,0.0,0.0,4815.706411190481,0.0,17333.374270912856,108336.73
2019-10-02,0.0,7967.870753683995,0.0,3954.035319453466,16018.267712245031,56601.52858365321,0.0,0.0,4753.066412241078,0.0,17021.987617483188,106316.76
2019-10-03,0.0,8048.754463427213,0.0,3964.3361185737394,16126.00424514956,57310.31337808178,0.0,0.0,4765.713797377378,0.0,17105.9895984084,107321.11
2019-10-04,0.0,8154.3984924795795,0.0,4039.384797878587,16296.22796713871,58272.23559909198,0.0,0.0,4835.852688398745,0.0,17266.75201017907,108864.85
2019-10-07,0.0,8152.747804525637,0.0,4020.254742369508,16210.03874081509,57997.40067880336,0.0,0.0,4814.96025277536,0.0,17195.784819397424,108391.19
2019-10-08,0.0,8023.994144118064,0.0,3940.7914348702575,15957.935253818498,56955.9209808675,0.0,0.0,4768.698431037861,0.0,17010.401137355573,106657.74
2019-10-09,0.0,8073.514782736361,0.0,3979.051545888415,16092.605919949156,57787.658239635726,0.0,0.0,4792.575500321732,0.0,17158.12875898267,107883.53
2019-10-10,0.0,8114.781981584942,0.0,4021.7262851009755,16240.204970028357,58178.21312636167,0.0,0.0,4787.352391415885,0.0,17268.20032019502,108610.48
2019-10-11,0.0,8217.124634729422,0.0,4070.287195239407,16550.486184793393,58988.2528914229,0.0,0.0,4768.698431037861,0.0,17462.27386233258,110057.12
2019-10-14,0.0,8198.967067236048,0.0,4077.644908896745,16516.010494263945,58966.5553977159,0.0,0.0,4738.105936017903,0.0,17455.03231225282,109952.32
2019-10-15,0.0,8335.974167413335,0.0,4130.6204472295785,16645.294333749378,59603.01521312114,0.0,0.0,4723.928926130606,0.0,17610.001483959677,111048.83
2019-10-16,0.0,8352.481046952767,0.0,4121.791190840773,16640.984872433197,59205.22782849287,0.0,0.0,4735.12130235742,0.0,17682.416984757274,110738.02
2019-10-17,0.0,8398.700309663178,0.0,4127.677361766644,16718.555176124457,59075.04286625089,0.0,0.0,4746.3136785842335,0.0,17730.21121528369,110796.5
2019-10-18,0.0,8302.96040833447,0.0,4135.035075423982,16574.18822203239,58510.908029868966,0.0,0.0,4761.983005301773,0.0,17694.003464884892,109979.08
2019-10-21,0.0,8354.13173490671,0.0,4193.896784682686,16675.460562962646,59140.13534737187,0.0,0.0,4779.8908072646755,0.0,17762.074035634632,110905.59
2019-10-22,0.0,8271.597337209549,0.0,4183.595985562412,16811.208594422347,58337.32808021298,0.0,0.0,4801.529401303183,0.0,17643.312614326573,110048.57
2019-10-23,0.0,8339.275543321222,0.0,4198.311412877089,16809.05386376426,58402.42056133397,0.0,0.0,4819.064124058524,0.0,17562.207253433266,110130.33
2019-10-24,0.0,8241.88495403857,0.0,4195.368327414154,16828.44643968707,59255.855313809196,0.0,0.0,4838.091163644109,0.0,17553.51739333755,110913.16
2019-10-25,0.0,8302.96040833447,0.0,4215.9699256547,16936.1829725916,59964.64010823776,0.0,0.0,4785.113916170521,0.0,17533.241053114227,111738.11
2019-10-28,0.0,8383.84411807769,0.0,4239.514609358182,16981.4323164115,60731.284885885,0.0,0.0,4722.436609300364,0.0,17588.2768337204,112646.79
2019-10-29,0.0,8306.261784242357,0.0,4249.815408478455,17039.610044179943,60181.615045307735,0.0,0.0,4726.167401375969,0.0,17489.79175263567,111993.26
2019-10-30,0.0,8331.022103551506,0.0,4243.929237552585,17106.40669458075,60550.47243832669,0.0,0.0,4768.698431037861,0.0,17589.725143736352,112590.25
2019-10-31,0.0,8350.830358998825,0.0,4223.327639312038,16912.480935352603,60507.07745091269,0.0,0.0,4792.575500321732,0.0,17504.274852795184,112290.57
2019-11-01,0.0,8408.604437386837,0.0,4283.66089130221,17278.785147227994,61223.09474324361,0.0,0.0,4783.62159934028,0.0,17614.346414007534,113592.11
2019-11-04,0.0,8456.47438805119,0.0,4321.921002320369,17487.794021062775,61555.78964675089,0.0,0.0,4720.9442924701225,0.0,17627.3812041511,114170.3
2019-11-05,0.0,8458.125076005135,0.0,4342.522600560915,17524.424442250314,61472.61592087407,0.0,0.0,4673.190153902383,0.0,17656.34740447014,114127.23
2019-11-06,0.0,8427.587348857185,0.0,4358.709570607059,17530.888634224586,61461.76717402057,0.0,0.0,4688.113322204801,0.0,17673.727124661564,114140.79
2019-11-07,0.0,8481.23470736034,0.0,4391.083510699345,17589.06636199303,61939.11203557451,0.0,0.0,4626.9283321648845,0.0,17568.00049349707,114595.43
2019-11-08,0.0,8501.042962807658,0.0,4392.555053430813,17612.768399232027,62279.03943698413,0.0,0.0,4608.274371786862,0.0,17573.79373356088,114967.47
2019-11-11,0.0,8466.378515774852,0.0,4379.311168847605,17625.69678318057,62322.434424398125,0.0,0.0,4576.935718351783,0.0,17537.58598316208,114908.34
2019-11-12,0.0,8474.631955544568,0.0,4383.725797042008,17621.38732186439,62510.47936985877,0.0,0.0,4590.36656982396,0.0,17523.10288300256,115103.69
2019-11-13,0.0,8474.631955544568,0.0,4357.238027875591,17554.590671463582,62662.36182580775,0.0,0.0,4659.013144015085,0.0,17472.412032444245,115180.25
2019-11-14,0.0,8510.94709053132,0.0,4363.124198801461,17608.458937915846,62597.26934468675,0.0,0.0,4676.174787562866,0.0,17543.37922322589,115299.35
2019-11-15,0.0,8578.625296642991,0.0,4379.311168847605,17733.433316085095,63089.07920204536,0.0,0.0,4691.097955865285,0.0,17578.138663608737,116049.69
2019-11-18,0.0,8608.337679813969,0.0,4386.668882504942,17673.100857658563,63277.124147505994,0.0,0.0,4698.559540016494,0.0,17636.07106424681,116279.86
2019-11-19,0.0,8614.940431629742,0.0,4394.026596162281,17651.553551077657,63421.77410555264,0.0,0.0,4686.62100537456,0.0,17447.79076217306,116216.71
2019-11-20,0.0,8565.419793011446,0.0,4371.953455190267,17520.114980934133,63016.75422302203,0.0,0.0,4716.467341979397,0.0,17405.789771710453,115596.5
2019-11-21,0.0,8583.57736050482,0.0,4369.010369727332,17502.87713566941,62727.45430692874,0.0,0.0,4699.305698431615,0.0,17315.994550721432,115198.22
2019-11-22,0.0,8588.52942436665,0.0,4399.912767088151,17595.530553967303,62640.66433210075,0.0,0.0,4700.7980152618575,0.0,17427.514421949734,115352.95
2019-11-25,0.0,8614.940431629742,0.0,4430.815164448971,17724.814393452736,63523.029076185296,0.0,0.0,4684.382530129196,0.0,17576.69035359278,116554.67
2019-11-26,0.0,8638.050062984947,0.0,4424.928993523101,17772.21846793073,63559.19156569696,0.0,0.0,4702.2903320921,0.0,17704.141634996555,116800.82
2019-11-27,0.0,8699.125517280847,0.0,4442.587506300712,17757.13535332409,63942.513954520575,0.0,0.0,4709.751916243308,0.0,17850.4209466077,117401.54
2019-11-29,0.0,8676.015885925643,0.0,4435.303369779947,17673.100857658563,63732.77151535294,0.0,0.0,4705.274965752583,0.0,17733.107835315594,116955.57
2019-12-02,0.0,8596.782864136367,0.0,4408.742023476957,17384.36694947443,62864.871767073055,0.0,0.0,4669.459361826778,0.0,17596.96669381611,115521.19
2019-12-03,0.0,8578.625296642991,0.0,4346.937228755317,17194.750651562463,62315.201926495785,0.0,0.0,4689.605639035043,0.0,17411.583011774263,114536.7
2019-12-04,0.0,8621.543183445514,0.0,4389.611967967878,17255.083109989,62539.4093614681,0.0,0.0,4723.182767715485,0.0,17508.61978284304,115037.45
2019-12-05,0.0,8659.50900638621,0.0,4410.949337574159,17265.85676327945,62785.3142901474,0.0,0.0,4729.898193451573,0.0,17492.68837266757,115344.22
2019-12-06,0.0,8709.029645004506,0.0,4467.603732735662,17474.86563711423,63465.16909296664,0.0,0.0,4718.70581722476,0.0,17634.622754230862,116470.0
2019-12-09,0.0,8676.015885925643,0.0,4457.302933615388,17412.37844802961,63154.17168316634,0.0,0.0,4699.305698431615,0.0,17652.002474422283,116051.18
2019-12-10,0.0,8647.954190708608,0.0,4455.831390883921,17388.676410790613,63190.33417267801,0.0,0.0,4697.813381601373,0.0,17623.036274103248,116003.65
2019-12-11,0.0,8685.9200136493,0.0,4447.002134495115,17498.567674353228,63609.81905101329,0.0,0.0,4712.7365499037915,0.0,17666.485574581806,116620.53
2019-12-12,0.0,8692.522765465073,0.0,4535.294698383172,17651.553551077657,64304.138849637195,0.0,0.0,4691.097955865285,0.0,17824.351366320563,117698.96
2019-12-13,0.0,8676.015885925643,0.0,4516.164642874092,17606.304207257755,64730.856225874806,0.0,0.0,4730.644351866694,0.0,17840.28277649604,118100.27
2019-12-16,0.0,8756.89959566886,0.0,4535.294698383172,17599.840015283484,65287.75856435439,0.0,0.0,4789.590866661248,0.0,17914.146587309584,118883.53
2019-12-17,0.0,8755.248907714917,0.0,4554.42475389225,17582.60217001876,65164.80610001474,0.0,0.0,4802.275559718303,0.0,17999.59687825075,118858.95
2019-12-18,0.0,8813.022986102931,0.0,4533.823155651704,17505.0318663275,65150.341104210085,0.0,0.0,4823.16799534169,0.0,18011.183358378366,118836.57
2019-12-19,0.0,8888.95463198432,0.0,4533.823155651704,17554.590671463582,65598.7559741547,0.0,0.0,4821.6756785114485,0.0,18070.564069032396,119468.36
2019-12-20,0.0,8900.509447661922,0.0,4514.693100142625,17569.673786070216,65757.870928006,0.0,0.0,4820.1833616812055,0.0,18038.701248681453,119601.63
2019-12-23,0.0,8880.701192214603,0.0,4507.335386485287,17683.874510949012,65974.84586507597,0.0,0.0,4773.921539943708,0.0,18006.83842833051,119827.52
2019-12-24,0.0,8874.09844039883,0.0,4511.750014679689,17621.38732186439,65996.54335878298,0.0,0.0,4780.263886472236,0.0,18037.2529386655,119821.3
2019-12-26,0.0,8945.078022418389,0.0,4538.237783846106,17662.32720436811,66488.35321614158,0.0,0.0,4789.590866661248,0.0,18255.947751074244,120679.53
2019-12-27,0.0,8926.920454925013,0.0,4530.8800701887685,17649.398820419567,66488.35321614158,0.0,0.0,4802.275559718303,0.0,18258.844371106148,120656.67
2019-12-30,0.0,8839.433993366021,0.0,4516.164642874092,17563.209594095944,66130.34456997612,0.0,0.0,4801.529401303183,0.0,18140.08294979809,119990.77
2019-12-31,0.0,12098.724389939096,0.0,5760.29529408289,15733.704595348257,64957.56522278873,0.0,0.0,0.0,0.0,21693.725397905662,120244.01
2020-01-02,0.0,12234.031652454725,0.0,5818.328818332669,16027.2150394441,66154.8417548698,0.0,0.0,0.0,0.0,21949.718968220608,122184.14
2020-01-03,0.0,12161.867779113056,0.0,5754.6791465748465,16002.112172514851,65446.394102750826,0.0,0.0,0.0,0.0,21762.912849342134,121127.97
2020-01-06,0.0,12319.726252047956,0.0,5754.6791465748465,15998.250192987272,65616.42153925939,0.0,0.0,0.0,0.0,21825.18155563496,121514.26
2020-01-07,0.0,12337.767220383374,0.0,5717.2381631878925,15980.871285113179,65545.57677404748,0.0,0.0,0.0,0.0,21792.317516202635,121373.77
2020-01-08,0.0,12425.716941018532,0.0,5749.062999066804,16023.353059916524,66239.85547312409,0.0,0.0,0.0,0.0,21847.667477351813,122285.66
2020-01-09,0.0,12484.350088108637,0.0,5792.1201299618015,16094.799681176695,66983.725507849,0.0,0.0,0.0,0.0,21968.745517365638,123323.74
2020-01-10,0.0,12441.502788312022,0.0,5749.062999066804,15980.871285113179,66849.1204539464,0.0,0.0,0.0,0.0,21856.31590878137,122876.87
2020-01-13,0.0,12560.979101113322,0.0,5788.3760316231055,16119.902548105947,67741.76449561631,0.0,0.0,0.0,0.0,21925.503360217845,124136.53
2020-01-14,0.0,12527.197387905253,0.0,5775.271687437672,16116.040568578368,67359.20276347206,0.0,0.0,0.0,0.0,21916.85492878828,123694.57
2020-01-15,0.0,12581.320292911503,0.0,5745.318900728108,16139.21244574383,67422.96305216277,0.0,0.0,0.0,0.0,21866.694026496843,123755.51
2020-01-16,0.0,12680.545618756298,0.0,5790.248080792453,16299.48459613827,68351.02947643863,0.0,0.0,0.0,0.0,22062.148576804873,125183.46
2020-01-17,0.0,12777.515823559164,0.0,5810.840621655278,16297.553606374484,68811.52045031595,0.0,0.0,0.0,0.0,22138.254773384993,125835.69
2020-01-21,0.0,12770.750460433384,0.0,5762.1673432522375,16125.695517397313,68783.1825442312,0.0,0.0,0.0,0.0,22077.71575337808,125519.51
2020-01-22,0.0,12759.474855223747,0.0,5779.015785776367,16033.008008735465,69031.13922247283,0.0,0.0,0.0,0.0,22058.68920423305,125661.33
2020-01-23,0.0,12712.117313343277,0.0,5764.039392421585,16212.590056767789,69371.19409548995,0.0,0.0,0.0,0.0,22089.823557379463,126149.76
2020-01-24,0.0,12558.769082492232,0.0,5687.285376478329,16133.419476452464,69038.22369899403,0.0,0.0,0.0,0.0,21790.587829916723,125208.29
2020-01-27,0.0,12362.57355184457,0.0,5599.299065518987,15830.25408353768,67401.7096225992,0.0,0.0,0.0,0.0,21463.677121879395,122657.51
2020-01-28,0.0,12506.90129852791,0.0,5664.820786446157,15932.596541018467,68669.83091989216,0.0,0.0,0.0,0.0,21671.23947618881,124445.39
2020-01-29,0.0,12479.839846024784,0.0,5657.3325897687655,16017.560090625158,68839.85835640071,0.0,0.0,0.0,0.0,21657.401985901513,124651.99
2020-01-30,0.0,12362.57355184457,0.0,5726.598409034631,16033.008008735465,69442.03886070184,0.0,0.0,0.0,0.0,21627.997319041016,125192.22
2020-01-31,0.0,12159.61265807113,0.0,5612.403409704421,15664.188963851873,67529.23019998061,0.0,0.0,0.0,0.0,21679.88790761837,122645.32
2020-02-03,0.0,12303.940404754467,0.0,5646.1002947526795,15658.395994560507,68436.0431946929,0.0,0.0,0.0,0.0,21828.640928206783,123873.12
2020-02-04,0.0,12430.227183102385,0.0,5704.133819002458,15950.940943774458,70228.4157545539,0.0,0.0,0.0,0.0,22210.901597393287,126524.62
2020-02-05,0.0,12448.268151437804,0.0,5816.456769163321,16216.452036295368,70653.48434582529,0.0,0.0,0.0,0.0,22344.087441408497,127478.75
2020-02-06,0.0,12606.126624372702,0.0,5808.96857248593,16266.657770153866,71284.00275621118,0.0,0.0,0.0,0.0,22295.656225402967,128261.41
2020-02-07,0.0,12597.106140204995,0.0,5792.1201299618015,16154.660363854136,70632.23091626172,0.0,0.0,0.0,0.0,22193.60473453417,127369.72
2020-02-10,0.0,12673.780255630518,0.0,5803.3524249778875,16247.347872515984,71588.63524662233,0.0,0.0,0.0,0.0,22446.138932277292,128759.25
2020-02-11,0.0,12660.249529378954,0.0,5825.81701501006,16305.277565429637,71354.84752142307,0.0,0.0,0.0,0.0,22619.107560868473,128765.3
2020-02-12,0.0,12815.852881271927,0.0,5829.5611133487555,16453.963777241344,72098.717556148,0.0,0.0,0.0,0.0,22849.155836894737,130047.25
2020-02-13,0.0,12820.36312335578,0.0,5829.5611133487555,16359.345278815712,71914.52116659707,0.0,0.0,0.0,0.0,22809.373052318766,129733.16
2020-02-14,0.0,12838.404091691198,0.0,5834.241236272124,16343.897360705405,72226.23813352942,0.0,0.0,0.0,0.0,22778.238699172354,130021.02
2020-02-18,0.0,12928.608933368283,0.0,5784.594492301023,16257.002821334925,71992.45040833016,0.0,0.0,0.0,0.0,22774.77932660053,129737.44
2020-02-19,0.0,12984.986959416461,0.0,5825.81701501006,16247.347872515984,72814.24968478816,0.0,0.0,0.0,0.0,22878.56050375524,130750.96
2020-02-20,0.0,12854.189938984688,0.0,5818.328818332669,16220.314015822945,72077.46412658443,0.0,0.0,0.0,0.0,22892.39799404253,129862.69
2020-02-21,0.0,12657.994408337026,0.0,5760.29529408289,16152.72937409035,70455.11900323199,0.0,0.0,0.0,0.0,22539.541991716527,127565.68
2020-02-24,0.0,12231.776531412797,0.0,5574.962426317467,15677.705892198392,67522.14572345943,0.0,0.0,0.0,0.0,21764.642535628045,122771.23
2020-02-25,0.0,11909.294222417217,0.0,5384.013411044001,15048.20322920336,65410.97172014488,0.0,0.0,0.0,0.0,21181.73825727577,118934.22
2020-02-26,0.0,11891.2532540818,0.0,5350.316525995742,14934.274833139842,65651.84392186534,0.0,0.0,0.0,0.0,21015.68837382824,118843.38
2020-02-27,0.0,11417.677835277102,0.0,5114.438330657931,14370.425822113613,62130.859090834034,0.0,0.0,0.0,0.0,20154.30460344417,113187.71
2020-02-28,0.0,11467.290498199498,0.0,4987.138987142288,14221.739610301905,62768.461977741106,0.0,0.0,0.0,0.0,20053.982798861285,113498.61
2020-03-02,0.0,11843.89571220133,0.0,5230.505379157489,14606.006573295805,66239.85547312409,0.0,0.0,0.0,0.0,20725.101077795058,118645.36
2020-03-03,0.0,11453.759771947934,0.0,5032.068167206632,14244.911487467363,63689.443925495776,0.0,0.0,0.0,0.0,20218.302996022907,114638.49
2020-03-04,0.0,11861.936680536748,0.0,5198.680543278578,14837.725344950419,66438.22081571739,0.0,0.0,0.0,0.0,20915.366569245358,119251.93
2020-03-05,0.0,11428.953440486737,0.0,4951.570052924681,14111.673193765962,64319.96233588167,0.0,0.0,0.0,0.0,20130.088995441405,114942.25
2020-03-06,0.0,11232.757909839076,0.0,4786.829726022083,13988.089848883501,62988.080749897985,0.0,0.0,0.0,0.0,19830.853267978666,112826.61
2020-03-09,0.0,10486.312844961192,0.0,4262.655958604725,12700.119676436607,58184.80566853134,0.0,0.0,0.0,0.0,18578.56039697853,104212.45
2020-03-10,0.0,11025.28677398178,0.0,4524.742842313404,13368.24213470741,62095.43670822809,0.0,0.0,0.0,0.0,19604.26436452422,110617.97
2020-03-11,0.0,10549.636643818507,0.0,4273.888253620811,12578.467321317936,59148.294475413146,0.0,0.0,0.0,0.0,18535.318239830736,105085.6
2020-03-12,0.0,9575.24394402263,0.0,3811.4921087919283,11259.601312650428,53409.86849324946,0.0,0.0,0.0,0.0,16624.01489389821,94680.22
2020-03-13,0.0,10416.40409266145,0.0,4322.561532023852,12163.30452210342,59665.46126146,0.0,0.0,0.0,0.0,17677.39384201849,104245.13
2020-03-16,0.0,9241.486029817412,0.0,3721.6337486632383,10772.99189217574,51419.13059079514,0.0,0.0,0.0,0.0,15459.936023479573,90615.18
2020-03-17,0.0,9642.897575280442,0.0,3927.5591572914864,11224.843496902236,54904.693039220496,0.0,0.0,0.0,0.0,16016.89500754317,95716.89
2020-03-18,0.0,9318.160145242935,0.0,3590.590306808899,10413.847106008727,52772.26560634238,0.0,0.0,0.0,0.0,15127.83625658451,91222.7
2020-03-19,0.0,9498.569828597105,0.0,3669.216371921503,10460.171550442012,52935.20856632975,0.0,0.0,0.0,0.0,15658.849946359429,92222.02
2020-03-20,0.0,9061.076346463242,0.0,3540.044979236511,9911.770457526092,50590.24683781594,0.0,0.0,0.0,0.0,15212.590884594189,88315.73
2020-03-23,0.0,9101.66852521793,0.0,3298.5506363906575,9413.575098468673,49733.02517875199,0.0,0.0,0.0,0.0,15120.917511440863,86667.74
2020-03-24,0.0,9640.642454238516,0.0,3716.0176011551957,10614.650731545087,55003.87571051715,0.0,0.0,0.0,0.0,16565.205560177208,95540.39
2020-03-25,0.0,9491.804465471325,0.0,3817.108256299972,11184.29271186268,54876.35513313573,0.0,0.0,0.0,0.0,16850.603797352655,96220.16
2020-03-26,0.0,10042.053999701548,0.0,4060.4746483151735,11867.863088243788,58326.49519895514,0.0,0.0,0.0,0.0,17545.93768428919,101842.82
2020-03-27,0.0,9638.38733319659,0.0,3929.4312064608334,11377.391688241523,55712.323362636125,0.0,0.0,0.0,0.0,16969.952151080564,97627.49
2020-03-30,0.0,9996.951578863003,0.0,4009.9293207427854,11539.594828399751,58021.86270854399,0.0,0.0,0.0,0.0,17317.619094548838,100885.96
2020-03-31,0.0,12939.151724170173,0.0,7101.354102995345,6083.742699569387,52840.49152010164,0.0,0.0,0.0,0.0,20246.76634268883,99211.51
2020-04-01,0.0,12412.456267284007,0.0,6674.590034305721,5811.56712378794,50318.33505724036,0.0,0.0,0.0,0.0,19364.855781806637,94581.8
2020-04-02,0.0,12579.243161964627,0.0,6841.881549232054,5889.920698634114,51467.75532026307,0.0,0.0,0.0,0.0,19422.685982520223,96201.49
2020-04-03,0.0,12345.15629223744,0.0,6701.902934701857,5806.412283337534,50627.03649930931,0.0,0.0,0.0,0.0,19086.0315997947,94566.54
2020-04-06,0.0,13143.977735181463,0.0,7179.878691634236,6203.33499801881,55001.40161458435,0.0,0.0,0.0,0.0,20697.01576253032,102225.61
2020-04-07,0.0,13246.390740687106,0.0,7258.403280273127,6196.118221388242,54475.95235148825,0.0,0.0,0.0,0.0,20998.55895196545,102175.42
2020-04-08,0.0,13530.221070231319,0.0,7575.915747378207,6417.776360755708,55960.34651973474,0.0,0.0,0.0,0.0,21645.017981370896,105129.28
2020-04-09,0.0,13629.70798986537,0.0,7978.781028221212,6511.5944569531,55980.05086710084,0.0,0.0,0.0,0.0,22035.371836187605,106135.51
2020-04-13,0.0,13656.04276270968,0.0,7691.995574061785,6332.206009278965,56104.845067086164,0.0,0.0,0.0,0.0,22016.78355738681,105801.87
2020-04-14,0.0,14059.842612989074,0.0,7719.30847445792,6448.705403458145,58429.95805628641,0.0,0.0,0.0,0.0,22886.301932401806,109544.12
2020-04-15,0.0,13916.464405281175,0.0,7387.115323389916,6269.31695578401,57195.15228801058,0.0,0.0,0.0,0.0,22382.353040469126,107150.4
2020-04-16,0.0,13969.13395096979,0.0,7251.575055174092,6213.644678919623,57858.5319826694,0.0,0.0,0.0,0.0,22657.04649385866,107949.93
2020-04-17,0.0,14150.551275008358,0.0,7649.3191671928225,6505.408648412614,58653.27399310225,0.0,0.0,0.0,0.0,23326.2245306873,110284.78
2020-04-20,0.0,14036.433926016356,0.0,7504.21938383835,6332.206009278965,57628.64793006486,0.0,0.0,0.0,0.0,22906.9555755138,108408.46
2020-04-21,0.0,13588.742787663114,0.0,7268.6456179216775,6180.653700037024,55250.990014555005,0.0,0.0,0.0,0.0,22310.06528957714,104599.1
2020-04-22,0.0,13982.301337391944,0.0,7367.65488185767,6262.100179153442,57484.149382713425,0.0,0.0,0.0,0.0,22857.386832045013,107953.59
2020-04-23,0.0,14051.064355374307,0.0,7309.614968515882,6297.1530942162035,56978.40446698343,0.0,0.0,0.0,0.0,22795.425902709027,107431.66
2020-04-24,0.0,14232.481679412875,0.0,7422.280682649942,6346.639562540103,58200.07400368187,0.0,0.0,0.0,0.0,23194.041214770532,109395.52
2020-04-27,0.0,14352.451200148056,0.0,7681.753236413234,6507.470584592776,58732.09138256667,0.0,0.0,0.0,0.0,23619.506262877632,110893.27
2020-04-28,0.0,14092.029557576561,0.0,7756.863712502607,6628.093851132281,57930.781256345115,0.0,0.0,0.0,0.0,23706.25156394801,110114.02
2020-04-29,0.0,14785.51190914335,0.0,7985.609253320246,6757.995830482517,60308.43917185497,0.0,0.0,0.0,0.0,24230.854098992688,114068.41
2020-04-30,0.0,14703.581504738835,0.0,7773.9342752501925,6612.629329781063,60045.71454030692,0.0,0.0,0.0,0.0,24082.147868586322,113218.01
2020-05-01,0.0,14492.903321984368,0.0,7526.411115410211,6423.9621692961955,58377.4131299768,0.0,0.0,0.0,0.0,23183.714393214534,110004.4
2020-05-04,0.0,14592.390241618421,0.0,7456.421808145112,6337.876333774412,59152.45079304355,0.0,0.0,0.0,0.0,23295.24406601931,110834.38
2020-05-05,0.0,14668.468474279758,0.0,7446.1794704965605,6361.07311580124,59986.601498208605,0.0,0.0,0.0,0.0,23386.12009571209,111848.44
2020-05-06,0.0,14627.5032720775,0.0,7278.887955570229,6274.471796234416,60452.937719206406,0.0,0.0,0.0,0.0,23392.316188645687,112026.12
2020-05-07,0.0,14905.481429878531,0.0,7449.5935830460785,6349.7324668103465,61365.90581383588,0.0,0.0,0.0,0.0,23764.081764661598,113834.8
2020-05-08,0.0,15169.414375495933,0.0,7606.64276032386,6504.377680322533,62239.46521373314,0.0,0.0,0.0,0.0,24226.723370370288,115746.62
2020-05-11,0.0,15177.607415936383,0.0,7463.250033244146,6426.024105476358,62679.52897157613,0.0,0.0,0.0,0.0,24175.0892625903,115921.5
2020-05-12,0.0,14884.998828777403,0.0,7265.231505372161,6244.5737216220605,61346.20146646978,0.0,0.0,0.0,0.0,23629.83308443363,113370.84
2020-05-13,0.0,14630.42935794909,0.0,7046.728302203073,6084.773667659469,60301.87105606627,0.0,0.0,0.0,0.0,23231.217772372125,111295.02
2020-05-14,0.0,14785.51190914335,0.0,7237.918604976025,6151.786593514749,61103.18118228782,0.0,0.0,0.0,0.0,23584.39506958724,112862.79
2020-05-15,0.0,14987.411834283046,0.0,7183.292804183752,6130.136263623043,61379.042045413276,0.0,0.0,0.0,0.0,23842.56560848718,113522.45
2020-05-18,0.0,15318.059537772697,0.0,7560.55224090538,6534.275754934888,62889.70867681457,0.0,0.0,0.0,0.0,24736.86835523657,117039.46
2020-05-19,0.0,15309.281280157928,0.0,7371.068994407187,6449.736371548227,62659.82462421003,0.0,0.0,0.0,0.0,24668.711332966985,116458.62
2020-05-20,0.0,15730.63764566686,0.0,7534.946396784003,6570.359638087732,64019.42459247118,0.0,0.0,0.0,0.0,24982.64670826931,118838.01
2020-05-21,0.0,15625.298554289626,0.0,7511.047608937384,6585.30867539391,63152.43330836262,0.0,0.0,0.0,0.0,25071.45737365089,117945.55
2020-05-22,0.0,15724.785473923681,0.0,7490.562933640283,6577.5764147183,63375.74924517846,0.0,0.0,0.0,0.0,25042.542273294097,118211.22
2020-05-26,0.0,15759.898504382758,0.0,7869.529426636668,6859.030703310478,63336.34055044626,0.0,0.0,0.0,0.0,25445.288313978002,119270.09
2020-05-27,0.0,15865.237595759992,0.0,8210.940681588369,7086.874651218432,63664.74633988132,0.0,0.0,0.0,0.0,25870.753362085103,120698.55
2020-05-28,0.0,15721.85938805209,0.0,8082.911460981481,7020.892693453232,63546.52025568469,0.0,0.0,0.0,0.0,25563.014079716373,119935.2
2020-05-29,0.0,15841.828908787274,0.0,7987.316309595005,6983.777842210307,64436.499945053714,0.0,0.0,0.0,0.0,25637.367194919556,120886.79
2020-06-01,0.0,15991.059288238353,0.0,8084.618517256239,6994.08752311112,64314.989802962744,0.0,0.0,0.0,0.0,25899.668462441896,121284.42
2020-06-02,0.0,16052.50709154174,0.0,8149.486655697062,7082.750778858107,64912.68833973455,0.0,0.0,0.0,0.0,26108.270257873046,122305.7
2020-06-03,0.0,16108.102723101945,0.0,8456.756785153591,7360.08119508996,65438.137602830655,0.0,0.0,0.0,0.0,26608.08842118333,123971.17
2020-06-04,0.0,15976.428858880405,0.0,8630.876525178957,7437.403801846053,64912.68833973455,0.0,0.0,0.0,0.0,26486.23192682256,123443.63
2020-06-05,0.0,16257.333102553028,0.0,8968.87366758114,7718.84778075733,66689.36366057824,0.0,0.0,0.0,0.0,27107.90658449361,126742.32
2020-06-08,0.0,16545.552560904624,0.0,9115.68050721037,7863.193623049604,66929.09988686585,0.0,0.0,0.0,0.0,27527.17553966711,127980.7
2020-06-09,0.0,16514.82865925293,0.0,8943.267823459762,7677.103882789941,67349.45929734272,0.0,0.0,0.0,0.0,27320.63910854716,127805.3
2020-06-10,0.0,16459.233027692724,0.0,8598.442455958546,7487.405754214993,68413.49405511233,0.0,0.0,0.0,0.0,27052.14174809122,128010.72
2020-06-11,0.0,15689.672443464602,0.0,7898.549383307563,6963.673964453724,64492.328929257674,0.0,0.0,0.0,0.0,25624.97500905236,120669.2
2020-06-12,0.0,15771.602847869117,0.0,7992.4374784192805,7032.233342444126,65090.02746602949,0.0,0.0,0.0,0.0,25779.877332392323,121666.18
2020-06-15,0.0,16087.620122000817,0.0,8248.495919633055,7165.228226064606,65917.61005540585,0.0,0.0,0.0,0.0,26128.923900985043,123547.88
2020-06-16,0.0,16228.07224383713,0.0,8374.818083965183,7305.439886315654,67336.32306576532,0.0,0.0,0.0,0.0,26682.441536386512,125927.09
2020-06-17,0.0,16245.628759066669,0.0,8251.910032182572,7252.860513721511,67303.48248682181,0.0,0.0,0.0,0.0,26612.219149805725,125666.1
2020-06-18,0.0,16292.446133012105,0.0,8245.081807083538,7223.993407199236,67651.59262362299,0.0,0.0,0.0,0.0,26517.212391490546,125930.33
2020-06-19,0.0,16254.407016681436,0.0,8183.627781192231,7137.392087632413,67237.8013289348,0.0,0.0,0.0,0.0,26306.5452317482,125119.77
2020-06-22,0.0,16260.259188424618,0.0,8098.2749674543065,7117.80369392087,68229.58681302868,0.0,0.0,0.0,0.0,26515.147027179348,126221.07
2020-06-23,0.0,16356.820022187081,0.0,8132.4160929494765,7118.83466201095,68715.6273813926,0.0,0.0,0.0,0.0,26721.6834582993,127045.38
2020-06-24,0.0,15988.133202366764,0.0,7852.458863889084,6871.402320391454,67178.68828683649,0.0,0.0,0.0,0.0,26137.18535822984,124027.87
2020-06-25,0.0,16061.28534915651,0.0,8055.598560585344,6947.693959057465,68012.83899200155,0.0,0.0,0.0,0.0,26188.819466009827,125266.24
2020-06-26,0.0,15350.246482360184,0.0,7709.066136809369,6818.82294779731,66692.6477184726,0.0,0.0,0.0,0.0,25556.817986782775,122127.6
2020-06-29,0.0,15631.150726032807,0.0,7789.297781723019,7042.543023344939,67421.70857101845,0.0,0.0,0.0,0.0,26048.37469284826,123933.07
2020-06-30,0.0,14468.078650600884,0.0,7792.874602484239,5882.58253285832,67285.15109561887,0.0,0.0,5715.52946631919,0.0,24648.75544363162,125792.97
2020-07-01,0.0,14829.579782903516,0.0,7718.849023358742,5853.4862561464815,67439.7407592504,0.0,0.0,5848.189700211432,0.0,24899.643183035954,126589.49
2020-07-02,0.0,14789.412990425444,0.0,7730.625820037798,5903.976853969966,67806.89121037525,0.0,0.0,5865.4051504111885,0.0,24999.998278797684,127096.31
2020-07-06,0.0,15083.96946859796,0.0,7880.359377814373,5988.698365572087,68985.63739556559,0.0,0.0,5790.46730836519,0.0,25586.689607866276,129315.82
2020-07-07,0.0,15041.124889954684,0.0,7718.849023358742,5874.0248044136615,68296.4251452084,0.0,0.0,5768.188490459622,0.0,25171.759885005267,127870.37
2020-07-08,0.0,15172.336412049714,0.0,7799.6042005865565,5872.31325872473,69384.99402661368,0.0,0.0,5820.847514600054,0.0,25457.38592678866,129507.48
2020-07-09,0.0,15191.080915206147,0.0,7631.364248028607,5746.942537010482,69636.2022300149,0.0,0.0,5745.909672554055,0.0,25428.43734147277,129379.94
2020-07-10,0.0,15448.148387065796,0.0,7897.587148956307,5820.111115212313,69603.99605009168,0.0,0.0,5852.240394376081,0.0,25721.783006007066,130343.87
2020-07-13,0.0,15132.169619571643,0.0,7924.1017654794405,5846.640073390753,68180.48289748476,0.0,0.0,5855.278414999567,0.0,25401.418661844615,128340.09
2020-07-14,0.0,15287.481217153516,0.0,7976.256150772404,5973.294454371701,68934.10750768842,0.0,0.0,5911.988133304648,0.0,25654.236306936673,129737.36
2020-07-15,0.0,15381.203732935679,0.0,8129.354507600139,6123.910474997693,69320.58166676722,0.0,0.0,5886.671294775594,0.0,26028.63801035544,130870.36
2020-07-16,0.0,15416.01495308334,0.0,8129.354507600139,6124.766247842158,68489.6622247478,0.0,0.0,5963.6344839039175,0.0,25955.30159422187,130078.73
2020-07-17,0.0,15367.814802109655,0.0,8058.6937275258,6159.852934465259,68798.84155201084,0.0,0.0,6099.3327384196455,0.0,25829.8577245197,130314.39
2020-07-20,0.0,15557.937619839187,0.0,8025.04573701421,6086.256469841195,70563.74021180402,0.0,0.0,6017.306181585512,0.0,26240.927636005257,132491.21
2020-07-21,0.0,15485.637393378662,0.0,8179.826493367524,6166.6991172209855,69868.08672546218,0.0,0.0,6043.635693655728,0.0,26291.105183886124,132034.99
2020-07-22,0.0,15496.34853803948,0.0,8176.461694316365,6217.189715044472,70428.47425612644,0.0,0.0,6138.82700652497,0.0,26507.254620911393,132964.56
2020-07-23,0.0,15239.28106617983,0.0,8188.238490995422,6197.506939621757,68599.1632364868,0.0,0.0,6143.890374230781,0.0,26109.694049239915,130477.77
2020-07-24,0.0,15225.892135353808,0.0,8163.002498111729,6146.588455376038,67774.68503045202,0.0,0.0,6104.396106125457,0.0,26163.731408496235,129578.3
2020-07-27,0.0,15324.97022346638,0.0,8095.706517088548,6171.833754287781,68831.04773193407,0.0,0.0,6028.445590538296,0.0,26329.703297640637,130781.71
2020-07-28,0.0,15172.336412049714,0.0,8075.517722781595,6132.468203442351,68038.77570582253,0.0,0.0,6120.598882784051,0.0,26061.446407046773,129601.14
2020-07-29,0.0,15306.225720309947,0.0,8230.298479134908,6222.324352111266,69037.16728344277,0.0,0.0,6149.966415477753,0.0,26323.91358057746,131269.9
2020-07-30,0.0,15357.103657448837,0.0,8083.929720409492,6161.56448015419,69417.20020653692,0.0,0.0,6147.941068395429,0.0,26320.053769202008,131487.79
2020-07-31,0.0,15560.615406004392,0.0,8088.976918986231,6139.314386198078,71149.89268640686,0.0,0.0,6164.143845054024,0.0,26437.778016153276,133540.72
2020-08-03,0.0,15582.03769532603,0.0,8105.800914242026,6163.276025843122,72876.14393029216,0.0,0.0,6093.256697172673,0.0,26393.390185335582,135213.91
2020-08-04,0.0,15673.08242494299,0.0,8072.152923730435,6179.535709887973,73062.93977384693,0.0,0.0,6159.080477348213,0.0,26596.030282546773,135742.82
2020-08-05,0.0,15654.337921786557,0.0,8186.556091469841,6299.343908113194,73307.7067412635,0.0,0.0,6082.11728821989,0.0,26916.394626709225,136446.46
2020-08-06,0.0,16061.361418897666,0.0,8179.826493367524,6321.594002069307,74389.83438668413,0.0,0.0,6114.522841537078,0.0,27049.55811916229,138116.7
2020-08-07,0.0,16047.972488071644,0.0,8358.160843078951,6430.2771533164705,73269.05932535561,0.0,0.0,6226.929604606077,0.0,27093.94594997998,137426.35
2020-08-10,0.0,15994.41676476755,0.0,8408.632828846336,6586.027811009256,73056.49853786228,0.0,0.0,6222.878910441429,0.0,27410.450482766984,137678.91
2020-08-11,0.0,15758.77158222954,0.0,8519.671197534582,6621.970270476822,71755.36886896365,0.0,0.0,6090.218676549187,0.0,27364.13274626157,136110.13
2020-08-12,0.0,15940.861041463457,0.0,8494.43520465089,6643.364591588469,73365.67786512531,0.0,0.0,6178.321274630293,0.0,27723.095204178535,138345.76
2020-08-17,0.0,16039.93912957603,0.0,8334.607249720837,6603.9990407430405,73868.09427192775,0.0,0.0,6106.42145320778,0.0,28074.3380393446,139027.4
2020-08-18,0.0,16189.895154827493,0.0,8280.770464902293,6567.200808431007,74138.6261832829,0.0,0.0,6077.0539205140785,0.0,28240.309928489005,139493.86
2020-08-19,0.0,16141.695003853809,0.0,8274.040866799976,6550.085351541691,73977.59528366674,0.0,0.0,6060.851143855484,0.0,28116.79596447456,139121.06
2020-08-20,0.0,16339.851180078955,0.0,8200.015287674478,6517.565983451987,75033.9579851488,0.0,0.0,6007.17944617389,0.0,28066.618416593697,140165.19
2020-08-21,0.0,16264.873167453225,0.0,8183.191292418683,6541.527623097032,75955.05473095327,0.0,0.0,6016.293508044349,0.0,28213.29124886084,141174.23
